2018-05-01;children;135.44
2018-08-07;hygiene;125.61
2018-08-23;health;43.66
2018-05-08;hygiene;815.43
2018-07-11;clothes;565.84
2018-04-26;loans;656.12
2018-04-05;transportation;399.7
2018-11-05;entertainment;616.96
2018-04-26;children;921.57
2018-11-21;accommodation;676.97
2018-10-22;savings;851.69
2018-06-13;others;560.18
2018-09-05;entertainment;305.32
2018-10-09;broadband;92.9
2018-11-23;savings;747.9
2018-06-19;transportation;353.7
2018-11-03;broadband;45.76
2018-03-09;broadband;319.11
2018-03-12;food;399.54
2018-05-27;broadband;842.61
2018-11-27;loans;905.2
2018-03-08;children;239.18
2018-04-13;savings;500.59
2018-05-25;entertainment;88.4
2018-06-03;others;13.97
2018-10-12;savings;449.53
2018-09-13;broadband;784.17
2018-09-08;loans;745.68
2018-04-14;food;944.28
2018-02-25;accommodation;414.14
2018-03-06;others;866.39
2018-05-22;transportation;930.73
2018-09-27;accommodation;503.2
2018-04-25;others;702.2
2018-11-26;broadband;851.78
2018-02-11;food;651.47
2018-05-09;food;320.9
2018-05-26;accommodation;186.19
2018-06-08;health;516.52
2018-04-04;children;987.39
2018-09-09;food;61.84
2018-08-26;others;302.41
2018-09-24;food;787.3
2018-11-18;food;271.1
2018-08-26;others;102.9
2018-03-27;entertainment;686.2
2018-02-08;loans;339.83
2018-06-18;others;644.27
2018-03-24;accommodation;857.49
2018-02-24;children;913.19
2018-11-10;clothes;63.23
2018-08-12;others;455.7
2018-05-10;transportation;888.4
2018-08-26;entertainment;543.13
2018-06-23;entertainment;629.26
2018-06-17;loans;873.11
2018-03-14;entertainment;754.12
2018-04-01;transportation;502.16
2018-10-01;others;840.8
2018-04-18;children;368.44
2018-04-19;entertainment;310.37
2018-03-19;clothes;240.9
2018-05-10;health;228.5
2018-07-22;food;99.75
2018-07-25;health;97.51
2018-03-08;broadband;58.93
2018-09-08;loans;810.67
2018-06-27;others;961.5
2018-03-01;health;294.87
2018-02-24;children;78.94
2018-11-23;broadband;184.98
2018-10-26;health;792.27
2018-07-15;food;202.33
2018-02-13;health;723.53
2018-01-22;savings;485.41
2018-05-08;hygiene;425.33
2018-10-02;entertainment;665.55
2018-05-01;food;58.8
2018-02-06;food;381.64
2018-07-13;food;162.2
2018-04-22;clothes;147.2
2018-06-25;others;135.84
2018-04-18;broadband;936.22
2018-04-20;broadband;917.33
2018-07-07;hygiene;245.64
2018-06-01;children;742.35
2018-02-14;savings;710.77
2018-06-24;loans;37.1
2018-09-20;children;623.79
2018-11-12;children;287.29
2018-07-16;savings;791.44
2018-01-22;broadband;500.76
2018-05-10;hygiene;906.46
2018-05-12;accommodation;437.5
2018-11-09;children;78.21
2018-02-20;loans;326.34
2018-09-10;others;464.59
2018-09-03;entertainment;416.5
2018-09-18;entertainment;192.77
2018-02-14;children;645.44
2018-05-23;savings;978.67
2018-05-27;health;849.22
2018-09-23;entertainment;741.68
2018-03-11;savings;889.52
2018-06-24;food;892.49
2018-04-15;clothes;105.44
2018-08-05;clothes;810.2
2018-06-24;health;602.77
2018-09-21;children;575.33
2018-01-16;broadband;888.76
2018-04-25;clothes;192.68
2018-01-20;accommodation;100.1
2018-10-10;savings;195.92
2018-06-05;others;952.27
2018-03-01;entertainment;302.61
2018-08-03;loans;528.75
2018-02-13;children;466.3
2018-04-10;accommodation;514.92
2018-08-24;health;597.6
2018-06-16;clothes;649.59
2018-09-09;health;33.45
2018-05-21;clothes;749.96
2018-05-23;entertainment;986.34
2018-02-19;savings;102.26
2018-03-02;clothes;971.4
2018-09-11;transportation;245.25
2018-06-08;broadband;875.4
2018-08-13;transportation;166.32
2018-06-08;transportation;177.67
2018-07-17;children;703.63
2018-02-03;clothes;808.29
2018-10-01;entertainment;472.4
2018-04-11;broadband;967.84
2018-07-22;children;309.59
2018-06-01;health;101.47
2018-05-19;broadband;898.46
2018-03-20;others;657.44
2018-09-25;clothes;234.92
2018-10-19;broadband;320.77
2018-08-27;broadband;407.78
2018-05-05;others;631.71
2018-07-22;children;121.86
2018-01-16;food;908.66
2018-10-09;hygiene;962.77
2018-10-21;savings;992.84
2018-11-10;food;600.84
2018-11-05;health;251.36
2018-05-25;children;221.32
2018-08-23;broadband;923.24
2018-06-04;food;182.51
2018-03-21;transportation;828.5
2018-08-16;entertainment;845.94
2018-03-07;savings;953.12
2018-11-20;entertainment;664.75
2018-04-13;children;715.56
2018-06-09;transportation;504.69
2018-10-19;transportation;47.77
2018-01-01;loans;221.33
2018-10-07;broadband;593.52
2018-11-26;savings;678.71
2018-10-11;others;736.54
2018-04-21;food;130.53
2018-07-15;entertainment;584.78
2018-05-16;health;131.59
2018-09-12;hygiene;506.56
2018-05-04;clothes;320.7
2018-02-25;accommodation;829.33
2018-11-09;health;33.16
2018-09-13;loans;758.55
2018-04-03;entertainment;578.22
2018-03-13;clothes;384.36
2018-03-10;others;884.89
2018-11-08;entertainment;64.42
2018-03-12;entertainment;299.85
2018-01-10;children;129.73
2018-08-03;broadband;148.55
2018-10-19;clothes;335.9
2018-02-22;accommodation;996.75
2018-02-25;food;49.34
2018-09-16;health;632.98
2018-09-04;savings;733.96
2018-03-20;accommodation;797.45
2018-11-25;entertainment;339.58
2018-11-06;clothes;653.67
2018-09-22;loans;658.5
2018-11-07;loans;339.19
2018-11-03;entertainment;86.79
2018-09-06;accommodation;479.1
2018-07-07;children;819.74
2018-11-06;entertainment;175.75
2018-11-26;hygiene;578.53
2018-05-03;others;338.57
2018-05-27;broadband;640.8
2018-10-23;children;242.31
2018-11-01;hygiene;835.18
2018-10-13;transportation;426.52
2018-04-14;savings;640.48
2018-04-27;accommodation;589.16
2018-04-17;transportation;75.72
2018-01-06;broadband;827.25
2018-06-20;loans;934.51
2018-03-04;hygiene;909.29
2018-03-26;savings;44.61
2018-03-10;savings;80.5
2018-10-01;clothes;298.62
2018-01-17;transportation;730.15
2018-11-26;savings;848.61
2018-11-08;health;500.48
2018-02-05;clothes;800.13
2018-08-11;entertainment;359.1
2018-09-07;broadband;781.45
2018-11-11;entertainment;291.31
2018-02-09;food;717.45
2018-02-20;others;973.14
2018-05-08;loans;2.91
2018-08-25;loans;309.32
2018-04-03;clothes;950.25
2018-04-18;broadband;459.95
2018-07-14;accommodation;774.17
2018-08-08;entertainment;437.43
2018-10-26;others;374.92
2018-09-01;health;979.85
2018-02-21;entertainment;867.82
2018-09-04;food;560.41
2018-10-03;children;422.89
2018-08-16;others;780.77
2018-08-24;loans;877.38
2018-05-07;savings;802.94
2018-08-22;transportation;611.36
2018-05-20;health;567.73
2018-08-08;savings;546.4
2018-06-06;loans;473.65
2018-09-08;health;993.83
2018-09-07;others;739.97
2018-04-13;savings;858.66
2018-09-24;entertainment;485.47
2018-11-12;entertainment;832.89
2018-07-18;broadband;828.54
2018-04-15;health;875.24
2018-03-15;transportation;63.73
2018-05-18;food;743.8
2018-01-25;broadband;402.3
2018-11-19;entertainment;794.24
2018-02-27;hygiene;548.94
2018-01-10;broadband;626.4
2018-08-23;entertainment;470.59
2018-11-22;accommodation;446.8
2018-03-22;hygiene;734.76
2018-04-21;accommodation;358.98
2018-03-26;broadband;533.17
2018-02-12;entertainment;214.86
2018-11-06;clothes;528.66
2018-01-04;children;633.44
2018-01-12;loans;324.33
2018-04-10;transportation;245.75
2018-11-25;clothes;944.17
2018-02-19;entertainment;249.62
2018-10-04;loans;981.7
2018-02-11;food;847.4
2018-04-08;children;660.67
2018-09-22;clothes;195.86
2018-02-19;others;287.52
2018-06-20;savings;791.41
2018-09-24;others;843.86
2018-09-14;loans;858.48
2018-07-02;clothes;653.16
2018-03-26;savings;923.7
2018-03-09;savings;272.26
2018-03-17;transportation;979.53
2018-11-11;food;983.2
2018-05-02;accommodation;193.38
2018-06-21;savings;849.42
2018-03-17;savings;755.14
2018-05-12;health;593.5
2018-02-06;transportation;138.15
2018-07-06;health;479.4
2018-10-09;hygiene;654.11
2018-08-26;hygiene;61.92
2018-07-22;health;548.5
2018-11-26;accommodation;183.73
2018-04-20;food;807.28
2018-10-18;clothes;392.73
2018-08-22;others;797.79
2018-11-19;food;233.82
2018-04-25;broadband;421.54
2018-10-05;health;355.52
2018-08-17;transportation;602.7
2018-03-13;transportation;417.91
2018-01-05;transportation;633.97
2018-07-04;accommodation;606.26
2018-09-07;loans;695.2
2018-03-23;food;65.12
2018-06-15;health;699.44
2018-10-02;others;352.85
2018-07-25;transportation;962.11
2018-10-17;health;476.56
2018-03-16;food;583.72
2018-05-22;clothes;913.2
2018-03-20;health;216.68
2018-08-24;health;792.13
2018-02-17;savings;687.8
2018-01-03;loans;707.41
2018-05-07;savings;15.45
2018-01-08;hygiene;984.68
2018-03-14;health;291.92
2018-01-20;hygiene;439.6
2018-05-13;broadband;229.55
2018-11-02;entertainment;543.85
2018-06-05;others;175.48
2018-02-02;health;147.67
2018-09-02;entertainment;306.62
2018-05-02;food;226.49
2018-10-16;hygiene;653.47
2018-09-03;hygiene;129.9
2018-09-21;transportation;475.56
2018-11-22;entertainment;456.86
2018-08-21;children;656.52
2018-05-04;accommodation;761.69
2018-10-26;hygiene;704.38
2018-05-12;food;529.27
2018-07-19;transportation;690.73
2018-11-21;others;327.52
2018-01-14;health;723.28
2018-05-18;others;276.26
2018-04-25;accommodation;589.42
2018-01-11;broadband;30.53
2018-05-10;health;97.92
2018-02-13;transportation;802.92
2018-04-10;clothes;887.67
2018-10-06;health;846.26
2018-03-10;food;374.64
2018-09-17;broadband;629.97
2018-08-05;others;12.8
2018-06-04;transportation;853.1
2018-04-22;loans;34.92
2018-05-02;transportation;121.61
2018-11-14;broadband;717.89
2018-09-10;savings;920.98
2018-02-14;food;732.6
2018-07-04;accommodation;963.83
2018-03-22;food;598.52
2018-05-06;food;992.6
2018-11-27;food;698.31
2018-01-13;broadband;883.72
2018-03-25;accommodation;607.48
2018-02-12;children;368.87
2018-03-12;health;881.31
2018-06-03;broadband;13.19
2018-10-27;broadband;21.78
2018-07-19;food;826.31
2018-05-18;savings;313.57
2018-10-19;savings;634.34
2018-06-12;accommodation;864.66
2018-06-10;health;973.81
2018-01-21;broadband;338.87
2018-04-02;children;803.6
2018-04-23;hygiene;199.61
2018-09-13;transportation;146.98
2018-08-05;food;572.5
2018-01-16;savings;571.23
2018-02-08;others;553.17
2018-04-27;clothes;351.16
2018-05-09;children;753.78
2018-04-19;clothes;423.3
2018-06-13;broadband;820.6
2018-02-18;entertainment;730.97
2018-08-01;accommodation;895.85
2018-10-09;health;440.84
2018-03-04;others;442.67
2018-08-02;clothes;903.97
2018-08-26;hygiene;16.6
2018-05-22;loans;995.48
2018-05-20;others;422.7
2018-05-25;savings;281.36
2018-09-19;savings;196.89
2018-09-24;accommodation;717.45
2018-10-25;others;398.82
2018-03-23;entertainment;657.95
2018-01-21;hygiene;655.6
2018-07-21;children;907.21
2018-10-09;children;386.72
2018-06-21;broadband;188.67
2018-06-13;entertainment;322.93
2018-05-12;children;756.23
2018-02-21;clothes;185.43
2018-08-02;loans;945.47
2018-08-08;hygiene;596.88
2018-03-02;accommodation;705.97
2018-01-16;food;920.24
2018-01-20;savings;578.83
2018-01-01;children;856.84
2018-04-05;accommodation;996.61
2018-08-04;health;740.58
2018-10-13;others;637.6
2018-01-08;accommodation;69.72
2018-02-22;transportation;95.89
2018-05-15;broadband;697.8
2018-06-03;broadband;176.66
2018-08-01;health;387.68
2018-04-15;others;929.52
2018-02-26;accommodation;49.6
2018-04-14;health;386.52
2018-03-23;children;297.44
2018-09-08;others;523.47
2018-05-24;children;405.93
2018-01-02;accommodation;147.79
2018-08-13;children;850.58
2018-06-26;transportation;884.89
2018-04-13;food;130.4
2018-05-12;transportation;704.86
2017-08-08;accommodation;933.34
2015-07-27;others;603.74
2015-04-10;loans;328.56
2015-04-10;entertainment;841.9
2015-04-09;accommodation;722.16
2017-05-16;hygiene;40.34
2016-02-09;clothes;638.66
2015-03-12;others;9.31
2015-11-08;entertainment;687.83
2016-08-09;children;112.71
2016-11-27;loans;967.86
2017-03-02;accommodation;945.68
2016-07-18;food;614.15
2015-08-19;entertainment;154.11
2015-04-13;transportation;709.73
2016-08-16;broadband;66.9
2017-10-21;transportation;328.53
2016-11-25;accommodation;900.33
2016-05-25;hygiene;62.39
2015-03-07;children;244.97
2015-03-19;hygiene;289.42
2017-01-08;entertainment;706.4
2017-09-06;loans;181.7
2017-08-13;others;942.16
2015-09-20;savings;290.76
2017-09-13;food;537.4
2016-07-11;health;386.36
2017-10-04;entertainment;487.23
2017-10-22;hygiene;376.47
2017-11-15;children;547.2
2016-02-03;children;432.41
2015-08-27;entertainment;265.37
2017-01-10;loans;853.73
2016-09-22;savings;551.85
2017-10-06;health;349.37
2015-02-12;health;952.88
2016-05-01;accommodation;6.15
2017-03-18;transportation;721.92
2016-07-20;health;205.63
2016-03-18;health;606.96
2017-04-08;entertainment;473.52
2016-03-04;transportation;782.97
2015-09-19;hygiene;182.6
2015-02-17;clothes;802.35
2017-10-08;hygiene;434.25
2015-09-12;savings;129.21
2015-07-08;entertainment;267.67
2016-07-01;clothes;128.73
2015-05-02;food;783.0
2016-11-27;health;992.89
2015-01-17;accommodation;49.82
2015-03-16;health;582.71
2016-08-17;entertainment;607.19
2017-07-10;hygiene;405.22
2015-11-03;health;676.38
2016-01-06;hygiene;13.77
2015-02-10;food;574.79
2017-06-22;others;42.21
2016-11-27;others;695.81
2016-03-08;children;155.4
2015-11-25;transportation;227.6
2015-06-26;accommodation;22.11
2016-07-24;entertainment;347.17
2017-08-02;hygiene;687.5
2017-03-09;clothes;323.42
2015-10-25;health;813.5
2016-11-20;food;397.36
2017-09-01;food;851.93
2017-03-02;others;308.35
2017-09-11;hygiene;673.17
2017-09-18;health;37.6
2017-07-14;others;609.87
2016-01-25;health;465.26
2016-02-10;hygiene;695.75
2015-03-09;hygiene;36.8
2017-09-18;loans;730.77
2016-08-24;broadband;103.5
2016-10-06;hygiene;179.38
2016-08-26;entertainment;646.23
2016-04-23;health;699.68
2017-05-03;clothes;857.75
2015-06-07;loans;740.6
2017-02-19;hygiene;155.98
2016-03-11;hygiene;73.16
2015-10-18;loans;191.34
2017-04-06;savings;899.5
2017-06-12;food;699.16
2016-03-26;health;289.14
2015-03-03;clothes;693.62
2015-05-15;broadband;887.68
2017-05-16;entertainment;189.5
2017-11-03;health;841.49
2017-10-23;loans;851.93
2015-11-21;loans;956.98
2015-02-03;children;201.78
2016-06-09;hygiene;882.66
2016-01-07;loans;526.34
2015-06-23;accommodation;944.1
2017-02-01;hygiene;619.1
2016-04-03;entertainment;659.57
2016-11-15;accommodation;504.65
2017-01-23;loans;893.84
2016-01-24;clothes;588.59
2017-09-10;accommodation;19.46
2016-11-08;hygiene;224.7
2016-02-09;children;469.53
2017-11-13;transportation;172.39
2016-07-26;transportation;53.88
2016-01-24;loans;285.75
2015-03-24;savings;193.84
2017-07-01;clothes;243.36
2016-11-16;others;102.13
2015-05-02;savings;271.8
2015-09-20;broadband;207.35
2017-06-02;hygiene;755.3
2015-11-13;others;94.87
2015-06-19;others;895.18
2015-02-05;food;373.59
2015-07-15;broadband;938.88
2016-05-19;hygiene;20.68
2016-11-16;broadband;894.65
2015-08-19;health;183.76
2017-02-09;children;298.82
2016-11-10;hygiene;587.18
2017-11-22;hygiene;293.19
2016-07-04;transportation;552.93
2016-02-07;hygiene;939.71
2016-02-05;savings;875.93
2017-08-19;others;569.91
2016-11-26;hygiene;630.15
2015-11-10;health;475.89
2017-07-08;others;758.78
2015-01-20;food;614.3
2016-05-10;hygiene;382.31
2017-01-21;health;157.24
2017-01-04;entertainment;137.35
2016-07-19;food;536.1
2016-05-21;entertainment;889.53
2016-10-21;others;58.5
2015-03-04;broadband;822.36
2017-11-08;children;342.2
2017-03-16;clothes;760.7
2016-01-04;others;745.11
2015-09-10;food;483.21
2017-02-24;broadband;773.6
2015-06-11;children;446.21
2016-10-09;loans;429.79
2017-10-07;others;932.46
2015-07-26;loans;507.3
2015-05-26;entertainment;653.39
2015-04-02;savings;528.27
2017-09-11;food;462.23
2015-08-14;savings;557.63
2015-11-26;loans;739.1
2015-08-08;savings;361.82
2016-03-02;entertainment;481.65
2016-06-19;health;193.24
2015-04-16;health;486.84
2017-06-17;food;837.53
2017-05-06;others;110.47
2015-11-02;loans;93.85
2015-06-12;transportation;83.4
2016-03-03;entertainment;199.26
2016-02-06;children;46.1
2016-11-09;children;370.61
2016-08-05;loans;586.59
2015-11-04;entertainment;232.24
2016-05-18;broadband;479.95
2017-03-01;hygiene;870.95
2016-07-25;accommodation;683.87
2017-06-19;loans;700.44
2016-06-15;accommodation;258.89
2017-04-22;clothes;817.33
2017-04-18;accommodation;68.97
2016-11-23;loans;856.76
2016-09-08;health;282.67
2016-06-10;transportation;305.97
2015-01-14;clothes;958.13
2017-06-22;children;1.7
2017-02-19;children;808.5
2016-03-19;loans;381.44
2016-03-13;loans;356.2
2016-09-14;clothes;465.54
2017-10-18;clothes;703.74
2017-01-13;accommodation;858.7
2016-07-01;transportation;503.87
2017-01-07;children;240.42
2016-02-06;entertainment;212.89
2016-06-02;hygiene;847.1
2015-03-01;entertainment;926.91
2016-04-15;transportation;317.21
2016-08-17;children;330.55
2017-10-23;food;38.24
2016-03-27;savings;977.97
2016-11-26;health;422.37
2016-10-01;savings;626.97
2016-01-10;children;705.27
2017-09-03;others;388.38
2016-05-18;transportation;485.71
2016-06-16;broadband;612.43
2016-06-16;entertainment;367.35
2015-01-07;entertainment;467.23
2017-07-26;transportation;157.89
2015-05-18;broadband;496.79
2017-01-16;hygiene;771.9
2016-04-16;children;73.41
2016-01-18;hygiene;356.76
2016-06-12;health;147.8
2017-04-24;savings;642.65
2015-01-09;savings;799.13
2016-06-11;food;475.5
2016-03-13;broadband;977.1
2017-04-17;transportation;845.62
2016-01-15;hygiene;917.48
2015-07-16;transportation;77.33
2017-05-06;others;871.42
2015-05-08;savings;254.0
2017-06-25;food;567.44
2016-10-08;loans;971.37
2017-11-11;loans;426.94
2017-05-26;health;391.35
2015-05-10;loans;412.21
2017-10-25;accommodation;663.78
2017-07-22;food;450.9
2015-01-11;transportation;538.1
2015-06-14;transportation;851.87
2017-09-21;loans;315.65
2017-05-06;others;139.36
2016-02-26;accommodation;998.69
2016-02-11;hygiene;882.16
2015-06-23;loans;751.7
2016-07-24;others;771.3
2015-03-11;children;543.37
2017-04-20;loans;716.22
2016-11-07;health;749.72
2016-10-15;transportation;521.26
2015-09-03;loans;98.4
2017-04-18;children;333.72
2016-03-09;food;120.52
2016-01-01;accommodation;782.69
2015-06-19;children;807.5
2015-04-17;hygiene;595.4
2016-04-03;health;306.43
2015-08-03;clothes;70.35
2017-08-06;hygiene;275.98
2016-03-20;savings;109.75
2016-11-04;entertainment;320.47
2016-11-24;hygiene;167.84
2017-10-21;others;408.24
2017-05-19;savings;362.14
2015-06-26;entertainment;242.77
2016-04-07;others;929.27
2017-09-21;broadband;255.1
2015-09-27;clothes;743.23
2016-07-27;entertainment;420.98
2016-10-19;savings;181.61
2017-08-16;clothes;628.72
2016-08-24;clothes;426.66
2017-07-20;entertainment;341.91
2017-09-01;hygiene;382.4
2016-08-17;broadband;674.1
2015-02-16;others;279.71
2017-02-02;savings;725.86
2015-03-15;entertainment;473.0
2016-09-19;transportation;624.88
2016-01-01;accommodation;875.67
2015-06-06;children;139.2
2017-08-07;hygiene;101.57
2016-02-16;loans;329.11
2015-09-01;broadband;841.82
2015-01-07;savings;289.36
2017-01-23;hygiene;422.33
2015-06-06;food;145.17
2016-06-03;broadband;563.3
2017-09-17;food;670.75
2015-03-19;savings;779.69
2015-01-17;savings;488.13
2017-04-09;food;233.91
2016-02-12;entertainment;229.59
2016-02-04;clothes;341.4
2016-11-22;health;672.77
2015-01-21;food;772.25
2017-06-06;transportation;790.57
2016-01-06;transportation;405.97
2016-11-10;hygiene;609.68
2015-09-25;others;750.93
2016-06-13;health;182.11
2015-03-20;others;781.26
2015-07-12;food;508.16
2017-11-13;others;306.57
2017-03-18;entertainment;82.18
2016-11-12;broadband;928.47
2016-07-23;clothes;864.22
2017-09-19;broadband;687.97
2016-01-01;food;246.1
2015-06-11;hygiene;904.19
2015-10-23;others;839.65
2017-05-10;transportation;668.77
2017-05-01;accommodation;942.1
2016-11-23;hygiene;151.24
2015-07-17;children;468.46
2016-08-04;entertainment;377.76
2016-10-12;health;4.42
2016-09-14;food;21.32
2017-01-06;health;274.7
2017-05-16;clothes;779.73
2016-07-07;broadband;353.26
2017-11-15;health;574.23
2015-06-02;hygiene;750.74
2017-06-11;health;155.17
2015-05-08;clothes;970.48
2016-06-14;hygiene;84.12
2016-02-03;entertainment;861.31
2015-01-03;health;918.1
2017-04-27;food;800.21
2015-10-25;broadband;275.4
2017-03-19;clothes;485.89
2016-11-03;food;864.6
2015-06-13;loans;749.27
2015-08-21;accommodation;743.83
2016-04-12;children;237.58
2015-05-24;accommodation;213.56
2017-05-13;children;398.71
2017-03-12;health;13.93
2016-06-13;savings;980.67
2016-05-23;accommodation;535.6
2017-04-03;transportation;674.27
2016-01-25;clothes;448.35
2015-04-23;accommodation;651.93
2017-07-21;transportation;298.38
2016-03-17;loans;723.95
2016-07-14;entertainment;958.12
2016-10-17;broadband;48.92
2017-11-15;children;691.77
2015-02-14;savings;417.67
2016-07-20;health;183.8
2017-04-25;others;825.63
2015-06-04;transportation;240.36
2017-10-09;food;535.55
2016-10-06;accommodation;341.0
2015-10-15;others;276.5
2016-03-05;children;681.9
2017-03-13;food;523.83
2017-09-21;food;505.37
2017-04-27;others;142.94
2017-09-09;entertainment;789.7
2016-07-26;clothes;619.86
2015-11-09;savings;141.52
2015-07-07;clothes;975.44
2017-10-15;hygiene;444.81
2017-09-12;broadband;616.67
2015-10-12;entertainment;484.36
2015-05-21;children;439.2
2015-07-16;transportation;677.23
2015-08-27;entertainment;952.65
2017-02-17;savings;134.31
2015-04-25;clothes;704.21
2017-08-16;health;61.78
2015-02-14;health;536.59
2017-04-16;health;44.76
2015-07-26;children;987.55
2016-07-13;accommodation;357.6
2015-11-01;health;503.71
2016-11-09;food;305.8
2017-02-25;health;195.6
2016-10-08;clothes;166.68
2016-08-17;transportation;808.82
2015-03-10;food;888.69
2017-04-26;savings;615.19
2017-05-20;others;31.18
2017-02-18;entertainment;12.1
2015-09-05;children;674.49
2017-04-09;transportation;584.7
2017-01-09;health;463.31
2015-02-11;transportation;657.9
2017-04-13;broadband;71.1
2015-05-26;accommodation;875.21
2017-04-01;food;14.98
2016-01-12;children;504.3
2016-10-21;transportation;868.77
2015-06-12;savings;94.12
2015-10-02;health;872.3
2017-11-08;others;868.86
2015-01-16;broadband;241.25
2015-06-22;entertainment;56.45
2017-08-11;accommodation;936.22
2015-09-22;hygiene;740.53
2015-01-18;accommodation;273.52
2016-11-20;others;942.52
2017-06-06;health;302.75
2016-03-07;children;557.43
2017-03-25;transportation;672.55
2016-02-22;health;485.78
2017-09-02;hygiene;574.71
2016-01-22;accommodation;844.21
2017-11-18;others;607.17
2017-02-09;accommodation;943.57
2017-03-17;food;994.3
2016-05-13;loans;748.64
2015-07-26;entertainment;286.5
2016-05-13;entertainment;526.62
2017-10-01;others;789.8
2015-01-15;children;336.56
2016-09-25;savings;158.63
2017-11-02;clothes;571.19
2017-03-11;health;401.4
2017-09-22;clothes;842.44
2015-09-13;savings;941.67
2017-09-26;children;145.72
2016-06-22;broadband;671.19
2017-01-01;savings;695.26
2017-05-05;broadband;944.14
2015-01-19;children;21.18
2016-09-27;transportation;533.37
2017-11-26;accommodation;634.52
2017-02-26;accommodation;231.63
2016-03-13;savings;224.2
2017-04-12;accommodation;561.6
2017-09-17;broadband;60.25
2016-10-18;hygiene;341.8
2017-09-24;transportation;1.59
2015-01-17;entertainment;468.8
2015-04-25;clothes;919.66
2017-02-19;savings;763.72
2016-04-18;accommodation;65.1
2017-02-12;health;913.53
2017-02-23;broadband;137.5
2016-09-19;loans;680.72
2016-01-19;transportation;721.71
2015-05-12;accommodation;602.96
2016-03-21;savings;29.22
2016-02-22;others;162.31
2017-05-09;accommodation;284.93
2016-04-07;accommodation;614.53
2015-03-11;clothes;53.0
2017-07-18;hygiene;793.25
2017-11-23;health;236.5
2015-10-11;clothes;84.41
2015-07-21;health;686.89
2017-05-21;entertainment;162.61
2015-05-09;others;496.86
2015-09-17;hygiene;719.33
2017-01-16;health;388.9
2017-11-05;others;186.73
2015-03-09;health;760.39
2017-04-11;hygiene;225.89
2015-03-10;accommodation;457.42
2017-01-02;broadband;539.23
2017-07-13;savings;145.4
2016-11-23;broadband;991.2
2015-01-15;accommodation;206.1
2017-06-04;savings;532.46
2017-03-16;children;567.25
2016-02-21;broadband;423.63
2016-08-06;children;233.96
2016-04-09;clothes;93.45
2016-09-09;others;838.85
2016-05-06;savings;492.35
2016-02-23;savings;912.24
2016-06-07;food;302.69
2015-01-12;hygiene;762.2
2015-10-22;hygiene;517.86
2016-06-11;broadband;577.16
2015-11-06;food;34.19
2015-03-09;transportation;625.86
2015-09-27;children;882.34
2015-06-04;accommodation;690.52
2015-04-18;health;942.83
2017-11-09;others;147.34
2017-08-16;clothes;68.5
2017-09-12;children;923.31
2015-05-09;transportation;323.9
2015-02-15;food;491.36
2017-07-11;health;997.5
2015-10-14;food;686.9
2016-09-24;hygiene;835.17
2015-09-26;transportation;876.4
2016-06-12;transportation;223.23
2017-10-01;clothes;330.29
2015-01-19;clothes;724.63
2016-10-13;health;705.55
2016-03-24;loans;100.82
2016-01-07;others;141.33
2015-08-09;food;934.36
2016-09-24;hygiene;343.67
2017-09-01;savings;311.67
2015-01-11;broadband;712.54
2017-01-09;children;243.45
2015-04-22;children;281.84
2017-07-20;loans;690.8
2017-07-19;savings;933.0
2016-11-13;entertainment;390.8
2016-06-21;health;407.3
2017-04-11;broadband;313.48
2015-06-20;entertainment;184.9
2017-06-21;loans;200.72
2015-05-26;children;415.16
2015-09-26;food;91.39
2016-05-19;transportation;949.36
2015-09-18;others;287.39
2017-06-21;savings;123.59
2016-02-01;children;62.7
2017-08-25;loans;546.71
2015-01-10;health;280.44
2016-09-10;children;934.94
2015-06-22;children;277.38
2017-11-10;entertainment;176.39
2015-01-17;hygiene;681.47
2015-01-16;broadband;874.48
2016-02-01;clothes;265.8
2016-03-22;entertainment;700.38
2017-02-24;children;857.0
2017-11-19;others;363.49
2015-02-11;loans;518.3
2017-11-25;savings;263.76
2015-06-25;accommodation;831.11
2016-02-14;transportation;349.43
2017-03-27;clothes;724.95
2017-02-11;children;159.9
2015-11-17;entertainment;2.9
2015-01-22;children;158.86
2016-02-26;accommodation;785.22
2017-01-03;transportation;201.88
2016-05-08;broadband;67.56
2016-08-07;savings;749.69
2016-03-25;others;621.39
2016-03-06;accommodation;645.2
2016-03-17;others;780.38
2015-02-06;savings;240.24
2016-05-17;entertainment;239.37
2016-06-16;children;918.7
2015-02-21;savings;721.97
2017-08-22;hygiene;143.96
2016-03-08;others;818.73
2017-04-09;loans;809.68
2016-01-15;others;34.42
2015-03-11;savings;967.68
2016-05-23;children;755.63
2015-07-21;clothes;274.14
2015-06-06;hygiene;818.52
2016-10-23;children;376.8
2015-11-02;others;759.22
2016-05-04;savings;830.36
2016-02-19;entertainment;174.22
2015-11-25;clothes;46.59
2015-02-16;savings;672.36
2015-04-10;hygiene;242.87
2017-07-05;hygiene;890.2
2016-06-27;accommodation;622.3
2016-05-08;accommodation;202.2
2017-08-24;children;680.65
2017-02-21;others;767.29
2017-08-01;children;945.43
2015-01-11;hygiene;116.85
2017-07-11;hygiene;255.24
2015-01-07;transportation;128.65
2016-01-14;broadband;37.54
2017-04-08;loans;583.24
2016-01-10;food;442.88
2015-01-08;accommodation;256.47
2017-05-27;hygiene;482.18
2017-09-06;entertainment;210.74
2015-05-24;clothes;397.83
2016-10-22;entertainment;988.42
2015-09-18;loans;894.36
2015-06-08;food;63.6
2017-04-16;loans;425.4
2016-07-01;health;185.42
2016-11-22;food;770.91
2015-04-16;broadband;204.95
2017-11-07;loans;758.15
2016-08-02;hygiene;205.24
2016-01-11;savings;568.8
2017-06-09;accommodation;362.36
2016-02-06;broadband;16.62
2015-05-27;food;327.23
2016-04-17;others;226.2
2016-02-11;clothes;215.16
2016-02-06;transportation;114.38
2015-10-08;health;277.29
2016-09-01;entertainment;579.1
2016-06-06;children;435.71
2016-02-01;others;62.69
2017-05-09;loans;485.92
2015-08-20;broadband;970.88
2017-06-01;children;472.84
2015-04-16;savings;427.87
2016-10-26;transportation;486.9
2017-04-25;clothes;952.26
2015-04-05;clothes;409.3
2017-05-10;transportation;939.5
2017-08-27;loans;548.73
2016-05-10;food;541.14
2015-09-21;savings;641.9
2015-02-05;health;127.79
2015-05-21;loans;722.53
2016-11-27;children;629.53
2015-05-20;entertainment;582.74
2016-02-16;broadband;932.71
2015-05-11;hygiene;589.73
2017-01-26;food;951.44
2017-09-16;loans;628.36
2017-06-17;transportation;599.62
2017-10-20;accommodation;704.0
2015-06-18;health;23.34
2015-05-20;clothes;419.45
2017-04-11;clothes;491.49
2015-07-09;food;440.59
2015-02-01;health;898.29
2016-11-06;health;998.87
2016-02-09;savings;465.39
2016-07-03;food;628.77
2016-11-13;loans;390.83
2017-08-01;food;210.28
2017-07-15;health;618.47
2016-07-09;transportation;538.68
2017-01-18;children;253.9
2017-08-06;transportation;199.54
2017-06-10;clothes;432.73
2016-09-01;food;225.97
2017-07-15;children;997.2
2016-06-11;clothes;560.24
2017-05-26;accommodation;645.4
2016-02-10;hygiene;826.96
2015-09-06;accommodation;324.77
2016-08-24;accommodation;195.48
2016-06-24;food;136.75
2015-06-22;transportation;78.26
2017-11-21;hygiene;68.77
2016-06-20;loans;355.12
2016-06-03;accommodation;286.3
2015-02-13;hygiene;811.42
2016-03-04;transportation;462.48
2015-11-06;entertainment;119.29
2017-07-21;savings;572.9
2017-09-07;savings;491.74
2017-06-25;children;698.67
2016-11-17;health;592.78
2016-03-10;food;217.3
2017-03-18;children;267.46
2016-01-03;health;646.7
2015-10-19;others;333.3
2017-02-12;hygiene;967.25
2016-06-25;entertainment;184.41
2016-05-21;broadband;41.85
2016-03-03;hygiene;785.42
2017-06-25;accommodation;62.33
2015-07-10;food;641.4
2016-05-05;loans;420.7
2017-10-10;health;760.56
2015-02-17;children;431.9
2017-11-27;food;620.88
2015-10-01;transportation;400.32
2016-07-07;accommodation;655.55
2015-10-04;accommodation;278.67
2017-07-27;transportation;908.8
2016-02-14;health;326.27
2017-06-20;clothes;568.35
2017-05-08;hygiene;454.9
2015-01-10;others;962.22
2017-11-27;others;742.37
2017-04-25;clothes;767.34
2015-10-14;others;633.35
2015-04-27;food;630.46
2015-02-14;entertainment;800.63
2015-01-18;food;397.49
2015-02-17;transportation;795.33
2016-09-08;food;318.79
2015-02-14;hygiene;349.89
2017-04-05;food;244.27
2016-02-15;children;890.94
2017-04-14;accommodation;368.25
2017-03-12;hygiene;869.84
2015-02-07;others;915.36
2016-06-19;broadband;400.33
2016-07-10;savings;359.46
2015-03-25;hygiene;80.56
2015-04-09;health;99.52
2015-08-09;others;806.68
2016-07-26;accommodation;838.14
2017-10-23;transportation;118.5
2017-09-22;hygiene;397.5
2015-11-19;entertainment;420.2
2016-02-17;others;898.25
2015-01-02;savings;84.13
2015-07-26;broadband;131.12
2015-01-22;transportation;255.35
2016-02-01;accommodation;831.4
2016-08-20;health;387.42
2016-05-14;broadband;600.38
2015-02-22;clothes;920.4
2016-03-25;clothes;229.65
2016-05-08;savings;670.77
2016-01-03;food;124.49
2016-06-16;entertainment;772.62
2016-10-16;children;545.37
2016-04-21;health;329.26
2017-08-16;hygiene;9.79
2015-01-17;hygiene;258.17
2016-10-19;broadband;237.59
2016-06-25;transportation;510.32
2017-11-16;loans;89.97
2016-03-22;transportation;828.7
2017-11-02;health;962.42
2016-11-13;others;862.61
2016-04-27;transportation;930.51
2016-09-15;entertainment;623.5
2016-10-07;others;458.98
2015-08-03;children;449.5
2016-11-12;accommodation;130.27
2016-02-03;clothes;715.56
2017-09-17;health;295.81
2017-07-06;food;413.64
2015-05-04;broadband;283.25
2016-07-14;food;891.4
2016-11-24;entertainment;931.44
2016-06-21;accommodation;839.47
2016-08-04;hygiene;187.32
2017-01-07;transportation;674.77
2017-02-09;food;63.62
2015-03-23;accommodation;43.73
2015-07-20;others;235.7
2015-09-21;loans;736.36
2015-09-14;accommodation;616.87
2017-10-24;clothes;496.65
2017-08-08;entertainment;606.98
2015-11-11;food;41.72
2016-01-06;health;427.58
2015-11-22;health;410.47
2015-09-16;savings;826.92
2015-04-11;entertainment;117.36
2016-06-04;broadband;649.87
2016-03-18;accommodation;124.2
2016-01-09;loans;775.3
2015-10-04;savings;836.46
2016-08-08;children;39.64
2015-03-27;children;540.97
2015-02-14;food;510.47
2016-08-14;health;5.18
2016-02-27;loans;152.77
2015-07-05;broadband;714.93
2017-10-24;children;878.57
2015-02-04;food;224.45
2017-01-17;savings;552.24
2016-03-22;health;47.48
2015-03-13;accommodation;771.35
2016-09-21;entertainment;799.57
2015-02-01;broadband;924.2
2015-01-22;health;514.86
2015-06-03;accommodation;864.6
2017-07-20;savings;281.63
2016-09-17;food;95.84
2016-01-11;savings;494.94
2015-03-26;others;257.28
2017-05-20;savings;830.9
2016-07-06;food;819.67
2016-05-03;hygiene;114.4
2017-04-21;others;176.45
2017-07-15;savings;377.11
2016-02-20;hygiene;393.36
2015-02-23;hygiene;594.9
2017-04-04;food;450.48
2015-11-05;others;483.11
2015-02-06;entertainment;394.32
2016-03-16;others;510.34
2015-10-11;health;312.7
2016-04-18;broadband;650.16
2015-05-07;accommodation;737.96
2015-04-18;broadband;117.1
2016-11-26;clothes;230.14
2016-04-10;broadband;180.47
2017-04-02;clothes;642.31
2015-07-08;loans;386.95
2015-11-12;broadband;431.45
2017-09-21;broadband;733.61
2017-05-10;accommodation;333.65
2017-04-19;children;148.69
2017-08-11;broadband;196.88
2016-06-07;loans;884.0
2017-04-09;entertainment;27.98
2015-03-16;hygiene;978.52
2016-09-13;broadband;597.2
2016-04-11;transportation;800.39
2016-02-05;food;284.98
2016-11-05;clothes;578.79
2016-07-12;children;845.55
2016-04-12;children;160.91
2016-02-02;entertainment;45.3
2016-02-09;broadband;978.89
2017-01-21;entertainment;500.81
2015-01-24;loans;327.89
2016-02-02;entertainment;516.51
2017-06-01;others;815.5
2017-10-03;entertainment;493.32
2017-09-20;accommodation;771.32
2015-06-13;hygiene;890.93
2015-11-15;accommodation;827.24
2016-07-19;children;619.2
2017-04-22;savings;787.82
2017-04-01;hygiene;101.59
2017-06-13;loans;576.9
2016-09-02;others;884.87
2017-10-12;children;336.9
2017-06-23;children;33.57
2017-05-10;clothes;636.44
2017-06-19;savings;363.94
2017-11-17;savings;303.59
2015-03-21;entertainment;404.2
2017-06-12;accommodation;436.47
2017-06-15;entertainment;296.38
2016-11-01;children;336.8
2015-05-21;transportation;467.16
2015-02-05;food;661.11
2016-04-16;accommodation;82.15
2017-11-23;broadband;63.3
2017-04-12;entertainment;30.75
2017-09-25;children;388.93
2015-09-16;food;100.22
2017-08-21;others;192.76
2015-02-01;food;920.59
2015-08-27;others;564.75
2016-03-26;clothes;267.35
2017-11-01;others;542.15
2017-01-13;accommodation;773.25
2017-04-16;health;874.35
2015-01-07;children;294.3
2017-04-19;loans;382.34
2017-01-01;loans;523.78
2016-03-26;health;911.23
2016-03-06;transportation;132.31
2016-01-22;children;938.4
2016-07-02;savings;173.37
2015-09-14;clothes;554.35
2016-06-15;hygiene;479.5
2016-10-05;food;240.78
2016-02-20;clothes;493.5
2015-01-22;health;323.82
2016-05-05;accommodation;723.81
2015-05-04;hygiene;340.3
2016-04-24;savings;932.58
2017-10-13;broadband;786.4
2016-01-27;transportation;763.56
2015-01-10;children;6.46
2017-08-08;transportation;6.13
2016-08-25;savings;248.26
2017-03-09;savings;959.81
2016-11-14;savings;692.5
2015-11-24;hygiene;997.62
2016-02-24;broadband;652.19
2017-11-07;entertainment;38.77
2017-05-23;others;438.9
2017-04-17;accommodation;194.82
2016-06-24;transportation;275.46
2015-02-09;hygiene;306.67
2017-02-24;transportation;486.8
2015-01-21;broadband;784.25
2017-02-02;entertainment;950.66
2016-10-19;savings;501.74
2015-11-23;transportation;6.16
2017-02-02;clothes;652.49
2016-09-06;health;326.18
2016-10-12;transportation;302.82
2016-11-20;savings;742.82
2016-05-23;others;900.13
2016-04-17;broadband;436.74
2017-02-10;hygiene;200.94
2017-06-14;broadband;348.11
2016-04-10;entertainment;352.37
2015-03-04;health;785.6
2016-02-22;food;638.19
2016-11-01;transportation;288.89
2017-06-08;clothes;199.4
2015-01-19;food;548.7
2015-04-11;accommodation;958.29
2017-01-22;health;815.26
2017-09-22;savings;842.76
2017-07-25;health;226.59
2016-05-27;broadband;681.73
2017-01-25;savings;298.24
2015-11-20;children;853.87
2016-11-11;others;420.15
2016-01-06;health;602.14
2017-01-12;hygiene;94.18
2015-11-02;health;851.2
2016-09-16;loans;778.18
2017-03-05;food;597.7
2016-05-23;accommodation;960.44
2017-03-14;food;672.57
2017-06-23;clothes;299.91
2017-08-02;children;878.6
2017-08-14;health;383.67
2015-02-22;transportation;2.21
2015-01-15;hygiene;12.65
2016-09-03;others;650.94
2016-03-13;transportation;396.21
2016-09-16;transportation;941.8
2017-01-18;savings;345.33
2015-11-16;transportation;670.87
2017-05-05;savings;304.89
2015-01-17;clothes;887.68
2017-08-13;hygiene;329.77
2016-05-18;broadband;800.1
2015-01-07;transportation;282.23
2017-08-05;hygiene;323.67
2017-02-01;children;566.63
2017-01-26;loans;430.24
2017-09-26;food;424.53
2017-01-26;hygiene;139.67
2017-08-11;transportation;503.25
2017-03-10;savings;947.1
2017-11-24;savings;355.43
2016-05-03;others;262.64
2016-11-21;health;534.55
2015-05-22;transportation;505.22
2017-06-05;broadband;153.65
2017-10-19;health;478.83
2015-09-08;savings;34.44
2017-04-22;others;847.57
2017-07-16;broadband;464.22
2016-09-19;broadband;601.5
2017-03-26;accommodation;115.79
2016-06-05;hygiene;364.49
2015-02-15;transportation;697.0
2017-06-12;savings;235.43
2015-01-01;transportation;972.25
2015-05-10;transportation;664.1
2016-10-20;accommodation;449.77
2016-06-25;savings;356.73
2015-02-14;hygiene;805.33
2015-08-07;clothes;965.39
2015-03-27;others;306.53
2017-07-09;others;6.93
2016-08-11;others;914.48
2016-04-09;savings;753.29
2016-06-25;savings;887.93
2016-08-22;savings;167.85
2015-03-05;clothes;747.7
2016-08-14;food;562.36
2015-11-22;loans;885.74
2015-03-08;transportation;540.72
2015-07-27;clothes;990.79
2016-10-15;entertainment;934.93
2015-10-10;transportation;218.6
2016-02-23;food;63.93
2015-01-23;savings;455.71
2015-01-14;others;725.5
2017-10-27;savings;92.5
2016-02-05;transportation;784.7
2017-06-14;transportation;992.56
2016-09-24;food;284.56
2016-06-14;entertainment;546.63
2015-09-19;children;107.46
2015-06-18;savings;437.94
2015-08-23;entertainment;131.5
2017-10-23;loans;499.39
2015-01-05;transportation;655.7
2016-08-26;transportation;461.7
2017-06-01;hygiene;575.46
2015-06-10;broadband;166.78
2016-05-13;food;537.67
2017-08-06;accommodation;228.21
2017-02-03;health;512.19
2015-11-06;transportation;518.12
2016-02-15;savings;668.62
2017-01-24;entertainment;332.2
2016-11-19;health;409.92
2016-11-21;children;727.33
2017-11-07;loans;546.11
2016-11-16;transportation;274.52
2015-01-08;hygiene;694.79
2015-07-18;health;645.0
2016-11-19;broadband;602.44
2017-07-16;children;282.22
2017-04-22;food;989.42
2015-10-09;others;26.93
2015-08-04;hygiene;894.74
2017-09-12;others;705.9
2016-11-23;health;608.48
2016-10-25;others;109.63
2017-06-11;children;315.29
2015-09-22;accommodation;407.8
2015-03-11;transportation;46.39
2016-07-14;food;155.86
2016-06-13;broadband;953.87
2016-06-12;accommodation;431.12
2016-06-10;others;935.25
2017-10-15;health;434.49
2016-06-26;health;265.7
2017-10-01;clothes;190.19
2016-11-13;hygiene;385.5
2015-11-08;transportation;910.17
2017-08-21;clothes;868.61
2017-02-14;transportation;18.8
2017-04-11;others;184.16
2017-04-25;hygiene;847.89
2017-05-25;others;189.3
2016-01-23;transportation;4.92
2017-05-03;others;866.84
2015-04-14;clothes;543.26
2015-02-14;savings;665.31
2000-06-18;food;846.37
2013-11-09;loans;957.4
2000-05-26;accommodation;549.71
2013-06-13;health;157.1
2006-03-13;broadband;103.54
2009-01-07;food;172.78
2007-01-19;food;767.56
2006-08-20;clothes;721.7
2007-05-23;clothes;230.8
2005-11-12;transportation;622.3
2003-05-01;food;912.45
2013-10-05;hygiene;113.46
2006-08-03;loans;811.4
2007-06-23;others;127.44
2009-05-01;health;262.73
2000-10-15;food;423.7
2009-11-23;loans;562.2
2002-10-24;loans;647.6
2003-04-07;accommodation;384.25
2010-04-25;loans;738.72
2006-09-15;broadband;771.21
2001-03-22;children;902.38
2007-09-25;loans;143.5
2004-05-16;children;564.56
2005-02-23;children;797.98
2007-03-03;health;306.69
2006-11-26;entertainment;835.39
2005-04-23;health;811.26
2003-05-14;others;667.5
2006-02-26;savings;911.4
2001-11-01;others;848.68
2012-03-07;entertainment;787.8
2000-06-11;clothes;805.88
2008-11-07;clothes;93.6
2011-10-10;hygiene;274.31
2011-02-12;loans;235.46
2013-02-10;broadband;61.15
2006-11-25;clothes;177.3
2000-10-27;food;648.58
2010-02-20;broadband;205.1
2008-04-23;loans;806.63
2009-07-06;others;730.2
2011-11-09;transportation;17.89
2006-03-17;accommodation;917.98
2014-06-14;savings;606.73
2003-04-03;broadband;21.5
2009-05-13;health;180.37
2005-09-07;others;579.46
2001-11-18;food;412.89
2004-09-12;entertainment;923.12
2002-05-10;clothes;492.2
2009-10-15;entertainment;398.45
2007-05-07;entertainment;776.62
2000-02-01;hygiene;362.79
2011-03-03;accommodation;233.22
2010-07-19;others;44.91
2006-06-02;children;108.77
2007-09-22;loans;393.95
2011-11-23;others;846.22
2004-09-13;broadband;812.75
2011-09-15;health;501.8
2002-02-08;transportation;571.42
2013-03-22;clothes;951.72
2009-04-24;hygiene;922.51
2008-09-03;food;330.77
2010-03-15;food;788.75
2012-09-12;children;12.92
2008-07-08;entertainment;537.3
2004-09-27;health;868.76
2000-07-25;health;484.29
2001-06-13;others;235.7
2007-09-05;loans;344.3
2001-05-03;entertainment;337.77
2002-03-15;others;397.42
2003-07-27;loans;973.77
2006-08-20;loans;357.4
2000-11-17;hygiene;842.89
2012-09-08;hygiene;697.85
2012-11-04;others;609.69
2003-07-06;children;931.11
2006-09-15;transportation;986.84
2002-01-18;food;284.55
2009-06-16;accommodation;886.45
2014-03-19;accommodation;715.69
2012-03-23;food;336.37
2006-04-20;others;182.93
2000-06-03;entertainment;426.52
2001-10-27;clothes;371.23
2005-02-12;food;429.59
2005-11-23;clothes;68.34
2006-08-03;children;197.5
2005-09-09;broadband;319.14
2005-10-14;children;342.63
2007-07-08;hygiene;44.46
2010-07-02;children;643.29
2010-09-20;entertainment;117.1
2002-02-13;others;465.7
2011-06-11;savings;949.68
2014-09-09;savings;885.78
2001-08-05;savings;147.97
2004-03-02;broadband;121.98
2010-02-24;hygiene;532.67
2012-10-19;hygiene;997.72
2006-09-07;food;179.31
2008-04-08;savings;592.92
2009-09-11;health;204.54
2010-05-24;clothes;280.3
2011-02-21;loans;259.11
2010-05-21;broadband;861.16
2010-07-24;transportation;869.56
2014-01-03;accommodation;234.3
2011-05-14;transportation;781.86
2003-05-14;food;452.44
2013-11-24;others;903.46
2002-06-11;loans;358.71
2003-04-24;accommodation;795.96
2008-06-24;accommodation;183.8
2014-08-11;health;783.44
2010-10-02;transportation;676.56
2002-08-19;children;993.37
2011-01-25;loans;147.58
2010-10-12;savings;907.92
2008-05-14;others;403.21
2004-10-12;food;14.8
2012-10-16;loans;262.67
2000-09-25;transportation;929.24
2013-10-02;loans;742.9
2003-07-08;broadband;892.77
2005-10-15;children;303.55
2006-02-21;health;642.69
2002-03-14;loans;104.18
2003-01-23;clothes;45.63
2013-03-26;entertainment;959.41
2000-03-15;clothes;139.95
2012-07-11;food;409.0
2009-10-17;broadband;674.48
2000-11-22;hygiene;354.41
2005-06-21;loans;683.32
2008-04-23;loans;940.83
2012-01-23;health;501.36
2004-02-24;others;337.91
2004-01-09;loans;190.7
2008-06-14;broadband;816.55
2006-03-22;transportation;374.2
2005-05-12;hygiene;901.96
2002-03-17;broadband;91.51
2005-05-24;hygiene;780.65
2013-08-09;others;795.37
2001-01-04;food;558.76
2006-06-14;loans;310.11
2009-01-23;children;167.55
2012-04-05;broadband;798.1
2006-07-24;transportation;744.72
2003-03-04;children;8.15
2004-08-14;accommodation;111.8
2000-04-22;savings;453.82
2014-05-06;others;333.6
2001-04-02;health;663.72
2007-11-08;accommodation;751.19
2009-04-10;health;205.74
2012-02-23;accommodation;752.5
2000-07-21;health;215.64
2004-01-09;broadband;972.25
2009-01-01;clothes;951.2
2002-01-09;others;335.93
2000-03-09;broadband;871.75
2012-04-03;clothes;564.18
2011-05-25;accommodation;849.38
2009-05-03;others;731.93
2014-02-13;clothes;371.3
2000-04-06;entertainment;400.78
2003-07-18;children;739.12
2009-08-07;accommodation;900.63
2002-06-01;others;729.47
2009-08-25;accommodation;480.85
2003-07-02;children;107.31
2009-10-20;hygiene;718.13
2001-07-10;hygiene;726.64
2002-09-19;children;996.25
2012-05-05;entertainment;732.4
2011-10-27;entertainment;285.16
2006-01-07;hygiene;436.2
2002-07-11;health;307.96
2010-06-04;children;904.25
2003-05-12;food;276.57
2002-01-03;clothes;902.3
2001-11-05;broadband;196.32
2012-06-18;children;370.56
2009-09-17;savings;751.21
2012-10-08;transportation;269.4
2012-03-20;others;629.74
2001-08-04;children;394.6
2014-08-07;entertainment;351.23
2013-09-24;children;185.13
2000-05-23;food;732.97
2008-06-21;clothes;769.67
2003-11-03;clothes;300.5
2012-09-18;accommodation;487.3
2004-07-18;health;700.95
2005-08-15;hygiene;10.75
2007-05-25;children;217.24
2000-10-07;entertainment;871.84
2002-02-13;food;775.13
2003-06-07;accommodation;263.96
2002-04-03;hygiene;761.12
2005-09-04;hygiene;441.19
2014-07-04;clothes;704.54
2002-05-08;entertainment;416.65
2001-08-08;food;562.64
2006-11-02;loans;70.8
2009-06-26;health;291.6
2014-02-03;others;16.57
2009-09-20;clothes;623.82
2012-08-27;loans;344.2
2003-09-16;loans;246.37
2005-11-24;hygiene;75.21
2012-03-08;hygiene;758.6
2001-04-19;entertainment;337.73
2006-10-09;loans;11.78
2000-01-01;health;445.95
2013-09-24;food;755.63
2006-08-08;entertainment;865.23
2001-03-21;health;335.46
2011-04-03;health;864.22
2008-09-05;entertainment;998.51
2009-03-17;broadband;542.3
2004-07-16;transportation;180.17
2008-01-01;others;61.45
2001-09-21;health;785.24
2012-03-12;food;662.61
2014-06-18;health;313.3
2014-01-19;loans;986.91
2013-10-16;clothes;481.1
2012-04-07;loans;802.51
2006-04-12;loans;257.62
2001-04-04;transportation;976.73
2003-05-21;children;439.93
2000-07-15;health;192.13
2014-11-14;entertainment;201.75
2009-01-11;transportation;51.7
2002-06-02;clothes;99.9
2012-02-19;food;339.3
2014-08-20;savings;322.61
2013-09-06;health;838.2
2006-10-22;entertainment;896.1
2006-04-02;savings;259.69
2012-07-04;accommodation;115.75
2004-08-22;broadband;547.95
2004-02-24;savings;167.58
2009-06-18;others;250.0
2000-11-23;transportation;904.74
2010-11-24;children;776.1
2005-05-09;food;606.7
2010-03-25;entertainment;241.16
2000-03-06;others;126.82
2005-06-17;loans;881.28
2006-02-24;savings;327.93
2006-05-23;loans;116.8
2006-08-14;food;309.28
2014-04-16;health;125.69
2010-10-25;savings;767.77
2003-06-17;accommodation;198.27
2000-04-10;savings;685.73
2008-05-26;loans;871.87
2014-02-27;others;374.5
2004-11-01;hygiene;691.5
2011-08-04;entertainment;269.72
2001-06-10;hygiene;415.3
2007-11-06;others;696.7
2012-08-07;accommodation;316.85
2010-01-03;broadband;250.3
2003-03-06;children;425.41
2005-08-04;loans;588.14
2012-08-22;transportation;88.3
2014-01-19;accommodation;626.65
2008-11-16;clothes;188.97
2010-02-10;entertainment;568.0
2007-10-12;others;467.85
2003-03-05;transportation;801.46
2009-01-20;hygiene;218.96
2005-04-11;loans;951.68
2014-06-26;children;755.79
2007-01-20;entertainment;178.74
2001-05-21;children;557.33
2001-10-19;clothes;940.48
2000-09-22;clothes;733.94
2007-11-20;others;75.4
2005-03-03;entertainment;335.9
2011-03-22;entertainment;507.56
2002-06-05;loans;326.55
2013-06-20;hygiene;439.6
2011-03-10;loans;824.5
2004-08-13;savings;740.21
2010-07-16;broadband;590.51
2014-09-04;accommodation;917.15
2010-06-14;health;403.52
2009-07-15;others;800.9
2002-08-08;others;853.41
2010-07-03;clothes;142.22
2007-06-09;savings;927.39
2003-03-18;transportation;3.73
2009-10-19;broadband;631.96
2014-04-08;broadband;272.0
2000-04-25;accommodation;807.93
2013-06-08;loans;286.82
2002-02-14;loans;557.48
2001-08-04;children;866.88
2004-11-15;children;106.84
2013-03-02;loans;278.14
2007-01-01;health;370.11
2000-09-12;children;671.24
2011-09-05;food;807.34
2012-04-12;children;135.44
2004-08-20;broadband;186.72
2006-03-23;entertainment;774.29
2007-11-10;health;464.65
2009-08-15;children;450.9
2009-03-25;entertainment;29.67
2010-02-03;children;912.97
2006-11-06;loans;333.62
2000-03-16;food;385.32
2006-08-17;loans;217.96
2007-05-08;entertainment;81.79
2005-11-20;children;690.66
2003-06-06;health;773.16
2005-09-15;entertainment;31.57
2010-09-17;savings;80.89
2009-05-08;broadband;536.11
2001-05-10;entertainment;102.33
2009-11-05;transportation;309.37
2009-08-21;others;142.97
2001-07-27;hygiene;801.88
2002-01-18;savings;948.46
2005-03-21;transportation;342.67
2003-11-08;accommodation;78.53
2011-10-06;clothes;846.75
2004-08-13;broadband;544.6
2004-07-21;food;789.66
2001-08-14;broadband;676.49
2005-09-07;children;118.71
2006-06-03;health;788.92
2002-08-20;health;319.18
2011-11-15;loans;297.52
2005-05-15;others;26.78
2006-04-23;hygiene;930.32
2008-04-11;transportation;272.79
2007-10-21;food;231.78
2002-11-20;savings;767.11
2000-01-27;hygiene;921.54
2004-06-04;health;698.82
2000-02-10;accommodation;425.98
2010-06-06;clothes;662.93
2012-02-06;loans;648.13
2010-03-16;transportation;236.21
2002-04-05;health;55.69
2013-03-13;food;673.38
2013-02-20;savings;971.77
2010-05-24;loans;149.47
2010-02-19;health;714.25
2005-05-22;broadband;595.25
2005-06-14;loans;836.67
2004-05-23;children;693.96
2004-10-25;others;700.66
2005-03-01;transportation;758.17
2001-01-11;health;458.41
2006-03-05;loans;132.9
2003-01-04;food;831.76
2001-09-26;others;806.77
2002-08-07;broadband;918.52
2005-10-07;health;166.61
2008-10-11;children;261.3
2010-03-24;health;580.9
2013-10-02;hygiene;999.81
2004-05-23;food;691.57
2008-03-03;others;445.4
2008-09-20;entertainment;882.32
2003-08-17;health;864.71
2004-10-02;savings;400.35
2012-04-04;entertainment;375.3
2005-03-21;accommodation;692.73
2000-08-17;entertainment;956.33
2006-08-27;savings;381.61
2012-11-09;accommodation;577.15
2003-03-22;children;766.48
2000-01-15;transportation;361.92
2012-01-24;children;431.73
2009-07-22;savings;349.71
2014-08-24;broadband;284.18
2003-07-04;others;298.82
2000-07-18;accommodation;738.3
2010-01-24;clothes;270.4
2012-07-24;savings;802.19
2011-04-16;hygiene;379.81
2014-09-24;loans;849.5
2010-01-21;food;979.35
2011-03-17;savings;383.76
2006-10-08;food;870.94
2010-10-20;hygiene;243.42
2009-10-03;accommodation;536.12
2004-05-19;accommodation;756.14
2004-06-17;transportation;389.46
2012-06-05;accommodation;239.86
2014-10-20;loans;725.36
2004-11-16;savings;835.66
2004-07-19;others;419.93
2008-07-04;broadband;351.13
2010-09-21;broadband;634.21
2004-03-09;broadband;600.3
2010-01-16;transportation;469.6
2007-04-06;entertainment;40.96
2010-03-25;others;783.8
2002-02-12;children;781.93
2005-10-23;accommodation;150.44
2013-11-26;accommodation;129.32
2000-05-27;transportation;91.85
2001-05-18;entertainment;999.51
2001-06-12;clothes;839.96
2006-11-08;health;751.38
2013-10-14;savings;637.47
2012-03-03;children;419.54
2000-11-12;hygiene;388.6
2011-05-16;health;330.72
2010-01-23;transportation;407.65
2011-06-19;health;682.89
2009-05-15;accommodation;114.36
2004-08-04;transportation;957.23
2012-03-20;savings;810.91
2014-10-09;savings;23.63
2005-09-21;children;306.56
2004-08-06;hygiene;392.5
2003-02-07;broadband;406.21
2012-06-27;others;612.43
2013-03-20;others;22.75
2005-06-03;hygiene;65.69
2001-04-25;children;929.8
2001-09-11;children;155.54
2000-03-02;savings;977.74
2009-10-24;accommodation;825.24
2001-04-08;loans;233.87
2012-04-18;clothes;626.9
2005-09-02;loans;251.24
2000-01-09;transportation;935.45
2000-10-01;others;95.77
2007-03-18;broadband;119.85
2005-06-12;health;735.6
2001-01-01;children;716.35
2007-05-12;loans;129.82
2014-05-08;hygiene;104.94
2014-09-24;broadband;874.69
2014-05-19;health;399.49
2000-08-08;loans;899.82
2002-02-08;clothes;257.36
2009-07-17;clothes;966.49
2010-06-08;hygiene;950.3
2011-10-20;loans;602.53
2009-11-24;entertainment;334.37
2005-01-24;transportation;99.66
2005-02-04;food;100.83
2003-02-24;broadband;766.34
2003-09-07;others;64.49
2001-11-17;children;262.13
2012-08-24;accommodation;767.64
2010-08-24;food;492.29
2000-08-12;health;389.96
2003-02-18;entertainment;375.22
2007-06-13;children;228.96
2005-07-20;loans;540.2
2014-11-15;loans;435.44
2013-08-21;transportation;336.8
2001-01-17;entertainment;559.6
2009-02-02;transportation;212.64
2014-04-07;loans;20.37
2011-10-12;loans;184.19
2000-11-17;others;815.21
2001-06-21;accommodation;820.94
2004-03-04;broadband;259.59
2001-06-20;clothes;620.38
2009-06-09;health;846.3
2006-02-02;clothes;316.43
2004-06-08;transportation;379.59
2012-08-04;entertainment;348.0
2006-05-01;food;487.46
2010-03-27;health;624.5
2011-02-20;hygiene;399.77
2000-06-06;health;69.23
2011-04-05;food;98.22
2002-08-14;transportation;692.61
2005-05-05;savings;458.32
2004-11-05;transportation;716.89
2012-11-21;entertainment;202.3
2000-08-18;transportation;469.25
2002-02-27;food;267.22
2014-02-07;others;354.14
2008-01-25;others;88.39
2008-02-23;accommodation;658.73
2006-05-15;accommodation;735.61
2005-04-21;clothes;626.23
2012-07-02;accommodation;804.2
2001-10-18;food;781.19
2009-07-15;transportation;123.9
2013-06-19;broadband;422.12
2013-05-23;transportation;87.27
2012-01-27;broadband;161.3
2006-02-13;health;926.71
2006-07-17;food;468.28
2002-01-13;others;682.21
2003-08-14;transportation;820.28
2003-06-17;accommodation;87.52
2007-05-20;hygiene;704.63
2009-04-23;hygiene;747.6
2004-06-04;clothes;159.85
2001-10-26;loans;646.27
2009-04-11;health;843.22
2001-04-20;broadband;300.15
2007-06-19;savings;546.67
2013-04-07;transportation;793.44
2003-01-13;children;299.17
2004-08-05;clothes;179.86
2010-04-06;accommodation;295.87
2012-11-07;clothes;39.58
2011-09-17;health;710.28
2008-09-02;health;253.5
2014-02-12;children;691.84
2010-01-03;clothes;689.39
2012-04-24;food;824.6
2006-10-06;broadband;155.88
2007-08-25;accommodation;31.4
2012-04-23;hygiene;263.46
2006-10-09;loans;425.1
2001-04-04;savings;876.64
2014-03-11;broadband;118.2
2002-04-03;others;647.88
2014-04-06;entertainment;284.83
2014-08-13;food;415.93
2001-04-04;transportation;296.31
2008-10-24;transportation;881.66
2007-10-17;clothes;297.78
2006-09-19;food;198.39
2014-04-07;loans;746.1
2007-01-22;accommodation;297.14
2010-08-01;savings;362.76
2002-02-08;food;951.18
2007-09-13;children;189.54
2004-10-25;health;108.54
2002-11-05;others;121.52
2004-06-16;transportation;353.59
2006-10-07;entertainment;539.79
2008-06-25;others;401.61
2014-11-06;food;165.4
2009-01-01;loans;873.36
2004-09-15;entertainment;454.82
2012-07-25;clothes;515.97
2010-09-24;clothes;652.8
2008-10-13;savings;685.7
2007-06-03;entertainment;442.12
2011-07-02;loans;150.91
2009-03-01;savings;866.1
2003-01-17;hygiene;735.36
2007-09-09;entertainment;857.11
2005-04-16;transportation;31.93
2009-03-14;children;74.77
2009-11-20;health;469.5
2006-01-23;health;182.96
2009-02-06;hygiene;731.57
2006-11-13;transportation;588.18
2004-02-07;food;938.1
2007-02-09;broadband;109.98
2003-07-01;others;480.78
2002-11-25;clothes;955.23
2013-05-11;hygiene;802.26
2001-11-12;transportation;368.92
2002-06-06;entertainment;219.54
2008-04-25;broadband;144.61
2001-07-01;others;962.67
2007-11-12;entertainment;908.33
2005-08-18;others;760.67
2013-04-07;entertainment;317.83
2012-10-14;transportation;970.22
2010-03-10;loans;36.92
2011-01-17;clothes;754.45
2010-10-12;transportation;499.17
2011-10-01;savings;873.53
2006-11-07;others;609.36
2002-09-17;savings;717.0
2013-02-08;children;452.7
2007-10-14;children;942.76
2001-03-15;clothes;513.3
2009-09-08;loans;346.27
2003-06-09;broadband;776.38
2006-09-13;entertainment;90.46
2008-03-20;accommodation;524.2
2009-02-25;others;740.14
2008-07-19;transportation;45.64
2009-03-14;broadband;797.77
2001-08-22;children;782.16
2000-08-15;savings;797.72
2007-09-22;clothes;575.39
2005-10-27;loans;29.92
2010-11-04;savings;81.13
2011-07-15;others;117.2
2000-09-01;loans;289.41
2000-08-18;savings;531.17
2006-11-07;broadband;609.96
2008-04-22;clothes;810.9
2009-03-09;clothes;567.36
2000-07-25;hygiene;110.73
2006-04-08;children;494.39
2003-09-03;food;153.6
2001-06-06;transportation;57.3
2007-09-01;others;118.29
2004-06-19;food;429.18
2009-10-10;broadband;196.79
2013-02-23;transportation;935.5
2005-09-04;food;173.97
2014-01-18;loans;311.86
2008-01-09;transportation;72.53
2008-10-09;others;576.82
2003-11-02;clothes;305.67
2012-05-02;broadband;674.81
2003-08-22;hygiene;277.86
2011-10-07;health;600.76
2011-02-01;hygiene;440.13
2008-08-06;food;658.28
2011-07-09;savings;957.98
2009-06-01;clothes;283.56
2001-03-22;loans;654.51
2014-08-21;savings;332.3
2007-11-21;health;681.18
2001-04-14;loans;944.53
2002-04-22;transportation;309.9
2012-04-07;health;936.4
2004-02-10;accommodation;637.21
2006-05-04;others;209.81
2014-07-13;entertainment;44.92
2004-06-19;entertainment;642.69
2005-03-11;others;49.16
2007-02-16;food;859.2
2003-03-12;clothes;216.3
2014-11-16;hygiene;594.47
2013-09-04;food;303.15
2007-02-15;clothes;364.1
2005-05-03;savings;469.42
2000-02-10;children;738.8
2012-09-24;others;119.46
2002-09-27;hygiene;136.17
2001-01-20;clothes;691.43
2007-03-13;others;277.12
2004-01-25;entertainment;630.65
2008-06-03;accommodation;335.45
2004-02-04;entertainment;600.11
2009-07-20;transportation;796.7
2005-10-16;transportation;948.15
2000-10-09;broadband;184.21
2014-05-20;accommodation;569.29
2013-07-19;hygiene;431.46
2013-06-05;savings;840.39
2009-05-12;health;96.4
2011-05-25;entertainment;640.39
2005-11-05;clothes;87.89
2011-08-01;food;768.5
2006-07-11;broadband;755.9
2009-06-13;clothes;542.46
2006-06-18;savings;884.86
2002-10-09;broadband;37.41
2009-11-18;accommodation;312.46
2008-07-14;loans;127.78
2002-06-27;children;592.91
2001-09-26;broadband;12.28
2009-04-04;loans;32.5
2013-11-14;clothes;93.2
2001-07-21;entertainment;316.37
2010-06-21;food;486.67
2003-08-13;accommodation;350.45
2004-09-23;loans;684.62
2013-11-03;accommodation;98.4
2005-02-20;clothes;260.84
2006-01-18;others;263.55
2008-01-20;health;609.31
2006-02-18;clothes;628.5
2005-10-26;food;420.47
2006-02-08;transportation;962.19
2010-07-19;broadband;590.19
2010-03-23;savings;436.89
2001-05-25;children;410.43
2013-03-16;loans;258.61
2004-06-22;accommodation;165.11
2011-02-15;health;480.91
2013-02-25;loans;237.97
2009-10-27;health;814.63
2010-08-10;health;958.52
2010-02-12;children;394.2
2000-04-25;entertainment;517.79
2006-10-11;entertainment;195.95
2008-03-23;savings;252.9
2001-05-22;savings;96.96
2010-08-27;transportation;191.88
2007-08-03;broadband;568.63
2005-03-14;transportation;647.12
2008-04-02;health;596.2
2011-06-15;entertainment;112.38
2011-08-04;food;451.36
2014-04-18;health;58.6
2004-03-17;transportation;70.64
2007-04-19;savings;288.1
2008-05-09;others;312.45
2010-02-22;hygiene;806.35
2007-06-14;health;871.79
2010-10-09;broadband;996.78
2006-04-16;health;97.48
2009-06-27;broadband;767.57
2010-09-22;savings;247.24
2001-04-03;broadband;192.36
2000-03-06;hygiene;113.34
2012-11-21;accommodation;29.92
2000-10-27;children;288.36
2000-04-18;accommodation;342.23
2009-09-04;accommodation;889.98
2012-08-18;hygiene;208.55
2007-11-27;others;51.9
2001-03-23;food;329.58
2003-09-27;entertainment;48.41
2002-10-09;transportation;611.25
2010-06-21;food;541.21
2006-10-20;loans;753.41
2006-06-09;health;203.85
2008-03-20;entertainment;443.39
2004-10-12;transportation;446.85
2011-07-05;loans;169.69
2004-11-21;entertainment;356.44
2002-11-06;food;446.67
2014-04-14;transportation;458.4
2009-11-20;broadband;414.32
2005-11-14;loans;180.54
2006-03-13;loans;308.9
2005-10-13;health;273.66
2003-07-17;clothes;423.84
2006-09-18;clothes;804.0
2007-07-14;hygiene;960.73
2009-09-09;hygiene;644.59
2007-04-23;broadband;71.1
2006-04-10;clothes;18.12
2012-11-04;food;630.63
2007-02-08;accommodation;152.53
2013-04-14;transportation;171.97
2001-02-06;broadband;698.89
2013-04-10;savings;392.82
2008-10-20;clothes;313.53
2002-08-05;food;6.57
2008-06-17;others;611.47
2011-11-04;others;789.46
2004-01-04;savings;186.7
2004-10-27;loans;732.42
2004-07-25;food;58.91
2002-08-27;hygiene;895.5
2006-09-14;savings;572.64
2002-05-20;food;640.56
2014-06-18;savings;721.2
2013-03-11;transportation;118.57
2000-02-01;broadband;639.48
2011-02-08;hygiene;186.89
2013-09-23;others;925.9
2005-05-21;health;393.38
2012-02-15;transportation;992.81
2000-05-16;entertainment;699.16
2014-05-17;hygiene;57.73
2013-09-02;savings;728.82
2013-08-27;transportation;246.5
2007-01-25;entertainment;240.92
2000-01-23;savings;899.48
2014-03-24;loans;120.77
2014-01-23;entertainment;616.49
2008-10-24;entertainment;704.7
2008-02-16;entertainment;760.93
2004-03-26;others;705.88
2005-06-03;others;776.95
2012-09-24;health;39.88
2014-02-12;savings;56.41
2000-02-08;children;701.93
2012-04-20;savings;770.98
2010-05-20;savings;348.11
2005-08-26;health;53.5
2013-05-06;savings;566.15
2013-08-21;clothes;816.13
2013-06-06;health;134.53
2014-04-07;health;487.31
2013-05-01;loans;266.46
2012-09-23;entertainment;99.2
2008-11-02;transportation;534.34
2000-06-18;entertainment;967.85
2014-02-24;clothes;208.35
2002-07-05;health;430.45
2010-10-19;savings;574.3
2005-08-01;children;7.19
2010-09-15;hygiene;905.4
2008-01-15;loans;612.9
2010-07-23;others;140.71
2010-02-07;entertainment;440.32
2002-05-13;savings;456.76
2007-03-25;others;184.7
2013-01-15;clothes;317.98
2001-06-07;savings;700.5
2011-07-05;food;504.64
2012-07-12;broadband;517.21
2005-03-06;loans;397.76
2009-01-22;food;546.33
2010-02-27;clothes;383.71
2010-06-22;entertainment;471.56
2001-01-21;savings;111.45
2013-03-10;savings;604.5
2003-09-23;food;393.42
2000-06-11;transportation;458.28
2002-07-04;children;683.72
2000-11-07;health;32.84
2005-10-25;savings;272.47
2009-03-13;others;16.13
2013-02-15;hygiene;860.7
2013-07-18;entertainment;606.38
2006-04-17;health;562.92
2014-02-12;hygiene;611.94
2004-01-26;transportation;237.5
2013-03-12;savings;194.75
2004-05-13;accommodation;51.8
2014-04-17;accommodation;759.37
2004-05-15;entertainment;609.96
2010-08-20;hygiene;553.79
2001-07-22;clothes;188.8
2013-02-01;children;511.59
2002-10-13;accommodation;835.28
2010-09-11;transportation;687.26
2003-08-02;others;302.1
2013-11-27;children;88.59
2000-03-01;savings;234.42
2007-02-09;transportation;496.25
2014-03-04;loans;312.86
2007-11-09;food;62.85
2002-09-05;savings;194.76
2007-10-11;others;747.41
2012-10-04;entertainment;211.98
2008-07-26;broadband;593.0
2005-03-02;food;74.22
2013-05-25;loans;753.85
2009-04-25;savings;498.61
2011-11-24;accommodation;93.23
2002-07-02;others;186.75
2001-03-04;accommodation;620.93
2012-02-15;health;857.31
2008-04-17;broadband;467.25
2013-04-12;broadband;488.58
2008-04-02;entertainment;313.76
2010-10-19;accommodation;773.52
2009-07-07;health;924.25
2006-08-23;hygiene;357.23
2013-10-26;food;36.17
2013-02-24;loans;748.55
2008-07-09;savings;285.23
2010-02-13;clothes;601.29
2003-04-04;hygiene;334.77
2006-01-01;hygiene;114.38
2002-05-08;food;778.15
2011-05-20;broadband;649.83
2000-05-16;children;875.61
2007-10-16;others;304.16
2001-08-09;food;965.55
2003-11-27;transportation;234.21
2007-01-23;health;494.98
2001-02-04;savings;640.68
2013-07-20;clothes;144.72
2006-09-08;clothes;396.23
2010-09-19;food;150.2
2009-11-12;loans;717.87
2012-09-26;loans;27.53
2002-04-27;health;245.14
2000-11-08;entertainment;349.59
2005-05-25;broadband;901.36
2010-09-01;broadband;123.43
2005-10-13;children;22.47
2013-01-25;hygiene;874.2
2002-11-14;children;808.64
2001-05-03;others;372.12
2003-01-19;savings;180.15
2014-07-25;others;533.47
2005-05-23;entertainment;878.33
2005-11-27;health;61.85
2012-06-12;loans;11.5
2002-05-24;entertainment;818.12
2002-06-11;loans;996.98
2009-09-13;food;392.29
2006-10-19;food;63.28
2005-04-15;clothes;960.23
2002-09-14;accommodation;806.18
2010-01-20;loans;146.87
2009-04-04;entertainment;692.5
2007-05-11;transportation;674.46
2006-03-24;children;419.8
2010-09-02;broadband;869.63
2000-09-27;health;649.73
2007-05-26;savings;784.9
2005-10-20;transportation;164.89
2006-11-23;others;302.22
2006-02-18;entertainment;63.2
2013-04-22;transportation;601.76
2008-04-18;health;48.41
2014-10-23;transportation;577.66
2003-11-24;health;80.64
2008-03-12;broadband;129.35
2006-01-22;children;643.8
2011-01-26;others;288.43
2010-03-04;entertainment;739.4
2009-04-07;hygiene;705.67
2003-07-13;hygiene;403.36
2012-10-08;food;878.25
2009-01-12;accommodation;513.17
2002-08-21;transportation;58.88
2006-05-18;entertainment;431.8
2006-10-04;entertainment;73.69
2008-07-11;health;78.28
2005-03-18;food;830.43
2000-09-24;loans;145.53
2000-04-21;loans;235.46
2007-06-06;hygiene;174.3
2003-10-04;broadband;126.25
2005-02-18;hygiene;721.22
2005-06-16;clothes;268.3
2008-05-19;savings;307.11
2007-07-24;savings;774.88
2010-04-10;clothes;206.13
2012-05-23;clothes;469.61
2004-11-25;clothes;283.54
2009-10-04;others;787.62
2014-05-19;hygiene;636.53
2007-03-16;children;649.96
2007-11-27;entertainment;300.68
2000-02-12;hygiene;373.13
2014-02-19;health;417.16
2006-11-10;broadband;995.5
2014-09-14;entertainment;89.61
2005-01-19;clothes;944.63
2013-04-03;hygiene;643.47
2014-05-11;hygiene;761.5
2008-03-19;savings;799.37
2007-08-07;children;566.11
2010-11-10;accommodation;2.94
2005-09-02;hygiene;616.4
2003-11-20;children;756.55
2005-04-17;transportation;834.31
2008-06-20;food;780.37
2001-01-23;others;715.59
2005-08-10;children;302.51
2002-01-11;hygiene;588.42
2013-02-26;loans;787.91
2009-04-16;others;110.19
2002-03-11;food;701.6
2000-02-14;loans;647.83
2000-05-12;savings;949.55
2004-07-01;food;879.21
2003-03-04;others;870.3
2005-06-26;hygiene;64.34
2000-07-07;others;415.7
2008-09-03;broadband;753.75
2012-11-27;savings;697.95
2004-11-06;loans;738.33
2009-03-18;entertainment;953.82
2001-08-23;broadband;303.41
2013-01-15;children;571.51
2014-06-01;accommodation;415.76
2010-09-03;savings;386.89
2013-09-14;loans;555.35
2008-10-13;accommodation;712.67
2011-02-22;others;891.43
2001-06-16;transportation;5.56
2010-10-10;loans;454.34
2005-04-19;transportation;321.36
2004-04-14;others;776.23
2004-03-01;broadband;615.48
2004-08-21;savings;748.79
2009-07-17;hygiene;83.75
2007-05-08;others;38.85
2005-07-06;loans;771.52
2002-03-27;food;423.39
2009-06-25;savings;626.18
2012-05-15;loans;129.76
2009-03-06;transportation;578.87
2006-08-11;accommodation;105.67
2009-03-03;food;144.85
2007-04-25;food;364.15
2008-02-23;savings;964.1
2002-08-20;hygiene;739.22
2003-06-22;clothes;132.86
2014-11-01;accommodation;740.42
2000-10-21;children;669.65
2010-03-26;clothes;33.95
2014-08-14;broadband;251.79
2005-05-18;hygiene;542.95
2002-04-06;health;562.85
2002-03-01;transportation;330.95
2008-10-02;food;866.4
2004-01-01;others;671.72
2004-02-12;children;445.78
2000-05-10;savings;283.27
2000-05-12;loans;786.49
2011-02-16;food;52.69
2007-01-02;hygiene;277.56
2011-08-02;transportation;740.2
2009-04-17;savings;825.78
2001-10-20;loans;449.1
2004-01-18;accommodation;363.26
2005-03-02;food;45.24
2010-04-02;broadband;707.92
2002-03-27;health;854.5
2014-07-24;entertainment;2.5
2013-01-11;children;413.56
2006-04-19;loans;410.4
2000-10-25;savings;627.33
2011-09-13;clothes;490.21
2004-09-05;accommodation;312.82
2009-06-27;savings;271.14
2008-10-05;clothes;256.46
2007-01-23;broadband;158.78
2010-02-12;transportation;659.94
2014-01-22;food;35.95
2009-11-13;food;82.26
2012-11-17;entertainment;962.4
2011-02-08;food;372.36
2001-02-18;others;784.14
2008-07-06;loans;528.6
2002-08-06;savings;202.23
2002-02-09;food;78.29
2009-07-03;entertainment;89.86
2000-03-07;children;402.19
2008-03-14;entertainment;471.4
2014-01-26;health;190.0
2012-08-20;broadband;713.2
2000-08-10;children;388.11
2002-06-17;entertainment;377.57
2005-02-25;entertainment;868.9
2010-06-10;entertainment;178.64
2014-04-03;health;566.6
2009-07-22;accommodation;278.67
2011-01-22;clothes;638.49
2009-04-08;savings;706.46
2002-01-15;savings;473.19
2014-09-21;loans;680.18
2006-03-14;accommodation;599.6
2011-01-13;savings;905.61
2010-07-06;broadband;699.4
2014-08-11;hygiene;594.91
2010-08-06;children;636.11
2010-07-23;savings;592.65
2003-09-27;savings;308.2
2011-01-21;broadband;779.43
2003-01-17;broadband;853.34
2004-11-02;transportation;739.54
2009-05-12;accommodation;741.49
2014-08-19;transportation;196.19
2010-02-15;others;768.14
2005-11-26;food;859.29
2013-05-24;health;660.63
2003-03-25;hygiene;431.52
2014-01-09;savings;871.76
2000-11-21;entertainment;499.72
2005-03-15;loans;438.34
2013-01-20;transportation;533.96
2010-01-25;entertainment;298.5
2013-10-16;health;464.41
2001-09-02;entertainment;584.83
2009-09-19;broadband;300.9
2009-02-21;accommodation;567.31
2004-10-03;loans;150.32
2008-03-19;others;799.37
2003-04-17;hygiene;602.82
2009-05-21;broadband;297.62
2004-04-10;transportation;807.3
2005-06-03;food;252.95
2004-01-14;hygiene;835.6
2001-06-27;transportation;571.39
2011-07-19;accommodation;579.27
2003-01-19;food;798.78
2008-02-27;hygiene;242.23
2003-01-15;entertainment;330.56
2000-01-21;children;650.23
2001-10-01;broadband;43.72
2002-06-18;broadband;361.22
2005-01-04;food;187.2
2013-07-12;savings;85.4
2004-01-17;clothes;104.39
2005-05-05;transportation;537.57
2009-03-07;others;718.84
2004-02-12;loans;857.0
2004-02-14;food;595.85
2005-05-11;savings;52.13
2006-02-17;hygiene;852.66
2000-04-23;accommodation;596.35
2000-04-09;children;98.63
2001-05-02;savings;158.52
2010-08-11;savings;347.82
2007-11-01;accommodation;557.95
2000-01-26;health;306.6
2012-11-03;broadband;827.4
2013-05-10;savings;996.5
2011-11-18;health;10.19
2014-10-21;accommodation;900.62
2000-11-21;savings;19.93
2009-01-25;broadband;97.66
2005-07-20;loans;513.83
2000-07-13;clothes;784.18
2012-04-08;accommodation;950.13
2001-02-16;accommodation;867.54
2005-05-13;transportation;926.8
2005-02-23;hygiene;154.77
2008-01-01;hygiene;317.25
2008-10-25;health;874.2
2014-08-16;accommodation;694.55
2012-09-08;transportation;941.93
2002-02-22;clothes;255.41
2003-05-26;entertainment;107.68
2010-01-24;hygiene;598.29
2008-08-04;health;873.94
2011-08-09;clothes;445.4
2004-04-21;savings;484.15
2014-09-13;transportation;460.92
2008-02-21;others;374.28
2002-09-11;transportation;892.12
2005-04-10;health;558.15
2003-10-10;savings;511.88
2006-07-10;transportation;675.64
2010-08-15;savings;421.3
2004-11-06;entertainment;75.38
2005-07-20;food;638.4
2002-09-26;health;915.79
2002-03-16;clothes;680.44
2003-11-13;food;983.78
2011-07-13;food;175.92
2002-09-16;broadband;949.51
2011-04-26;food;503.11
2012-09-04;food;843.42
2000-05-27;loans;798.4
2000-06-01;transportation;798.43
2002-02-02;broadband;690.1
2004-01-14;savings;765.8
2003-10-06;savings;948.36
2008-05-11;broadband;387.61
2011-01-02;entertainment;511.98
2002-01-21;food;814.46
2007-04-14;food;775.49
2007-03-14;clothes;221.61
2007-09-02;broadband;924.14
2007-06-14;clothes;655.11
2003-06-02;broadband;724.2
2011-02-12;broadband;707.22
2006-05-01;broadband;12.66
2002-01-07;accommodation;107.45
2005-02-13;broadband;882.64
2012-04-21;transportation;755.3
2001-11-16;others;11.22
2003-07-15;hygiene;476.5
2001-03-03;food;333.18
2001-05-18;clothes;983.89
2002-06-03;transportation;873.46
2014-01-22;transportation;145.1
2014-02-27;transportation;548.59
2013-02-11;hygiene;373.62
2002-06-25;loans;340.47
2001-01-03;hygiene;615.81
2000-04-27;entertainment;757.91
2003-10-17;health;519.49
2003-01-11;others;779.68
2014-04-03;savings;604.76
2014-02-01;clothes;877.57
2010-08-15;hygiene;817.2
2012-01-18;loans;887.39
2000-06-24;savings;774.55
2011-04-26;others;860.74
2014-04-23;food;931.76
2003-05-19;savings;35.62
2003-10-10;children;103.49
2008-05-01;health;64.35
2006-06-03;children;52.72
2013-03-21;clothes;907.73
2006-09-07;others;714.5
2012-11-14;entertainment;227.4
2000-02-13;loans;562.59
2008-08-18;transportation;918.18
2007-03-25;loans;356.16
2013-05-25;transportation;281.14
2010-06-05;transportation;961.0
2009-09-07;hygiene;413.75
2007-11-13;transportation;257.52
2003-06-25;transportation;71.44
2004-11-26;transportation;329.89
2002-05-18;clothes;726.24
2012-09-03;broadband;216.84
2005-09-09;clothes;503.7
2004-08-04;transportation;42.93
2011-03-15;children;793.67
2007-11-07;children;484.64
2002-09-18;health;301.98
2009-06-16;loans;71.58
2005-01-11;transportation;358.36
2005-01-24;hygiene;281.95
2002-11-01;transportation;478.58
2003-03-14;children;374.39
2011-06-24;hygiene;894.61
2013-01-26;broadband;774.18
2002-10-10;loans;416.25
2012-02-16;hygiene;779.21
2002-03-22;entertainment;509.68
2000-06-14;accommodation;11.55
2001-08-01;entertainment;795.64
2000-07-16;health;26.26
2004-11-24;food;640.46
2006-04-13;children;349.71
2014-08-26;food;534.78
2011-01-09;health;35.4
2002-01-08;broadband;733.11
2003-05-11;entertainment;374.89
2013-06-14;children;21.28
2013-11-02;clothes;735.58
2010-03-02;hygiene;757.66
2003-06-15;savings;943.41
2010-03-10;broadband;980.86
2007-07-26;savings;671.39
2005-07-19;accommodation;120.13
2005-04-06;health;898.9
2011-03-03;savings;915.2
2013-07-27;others;166.0
2000-02-17;children;916.41
2007-02-05;accommodation;311.37
2007-07-24;health;706.51
2006-02-08;loans;969.23
2006-06-04;children;117.67
2009-08-22;entertainment;450.58
2009-01-03;loans;122.11
2004-06-21;savings;738.3
2005-06-21;broadband;929.84
2002-09-12;transportation;764.76
2004-04-07;clothes;89.82
2009-07-04;entertainment;90.91
2008-11-08;others;143.5
2011-09-11;broadband;959.75
2009-11-12;broadband;171.8
2002-01-26;savings;47.49
2009-10-23;children;13.55
2012-09-18;broadband;436.9
2000-05-27;savings;6.39
2012-03-10;others;269.88
2010-06-04;children;989.27
2000-10-26;clothes;188.29
2005-01-17;broadband;398.36
2014-10-01;hygiene;966.31
2012-11-05;loans;581.93
2009-07-24;food;241.72
2013-11-02;others;469.4
2003-06-02;accommodation;774.88
2014-01-08;children;765.52
2008-06-15;health;719.2
2011-10-13;children;403.93
2005-09-14;hygiene;419.81
2003-08-16;savings;232.68
2010-04-22;children;713.76
2006-09-03;accommodation;901.4
2000-04-06;children;805.4
2002-11-15;transportation;635.74
2006-07-07;entertainment;27.6
2013-06-16;entertainment;62.72
2010-10-02;others;404.5
2005-03-24;health;945.25
2002-04-04;transportation;518.54
2011-11-11;accommodation;681.81
2012-03-24;accommodation;933.51
2011-04-05;hygiene;917.41
2002-11-09;food;424.27
2005-04-11;hygiene;526.17
2012-08-26;entertainment;839.13
2013-09-20;children;717.5
2006-01-07;children;327.79
2002-07-08;clothes;65.93
2014-11-26;entertainment;273.23
2013-06-15;entertainment;565.63
2005-05-21;transportation;236.75
2006-10-17;hygiene;747.48
2013-08-17;health;190.87
2011-04-06;broadband;909.0
2011-10-12;health;316.81
2000-07-11;entertainment;108.15
2008-01-10;clothes;400.83
2014-02-03;loans;123.57
2009-05-17;children;727.4
2014-07-23;loans;194.54
2007-02-05;accommodation;357.93
2001-06-20;transportation;927.96
2009-04-05;hygiene;373.12
2013-01-26;clothes;376.12
2009-01-22;entertainment;446.69
2007-04-02;loans;66.73
2008-01-10;clothes;34.91
2014-09-05;loans;761.84
2004-10-26;clothes;390.9
2006-11-13;food;894.59
2000-02-16;hygiene;659.1
2008-07-22;food;172.9
2014-09-11;entertainment;161.45
2003-01-27;entertainment;571.32
2010-01-08;savings;598.96
2003-03-18;clothes;165.7
2014-01-25;transportation;387.31
2005-08-27;health;462.21
2002-06-06;transportation;627.74
2007-09-02;hygiene;883.97
2013-10-22;hygiene;574.9
2006-01-21;food;65.68
2002-04-25;accommodation;16.11
2014-04-22;clothes;189.5
2010-09-27;health;739.84
2009-01-05;food;339.81
2014-04-23;clothes;313.87
2006-02-05;loans;450.19
2012-09-25;clothes;223.74
2011-02-09;accommodation;533.24
2006-03-02;entertainment;475.77
2000-08-10;food;965.29
2007-08-10;health;553.1
2007-01-01;accommodation;124.34
2012-02-18;savings;788.26
2008-08-17;entertainment;734.31
2006-10-23;health;468.81
2009-08-03;food;800.2
2004-01-27;savings;751.54
2008-05-25;others;442.87
2004-11-03;food;977.21
2014-08-03;transportation;617.81
2012-04-05;clothes;389.25
2011-10-15;others;156.46
2005-01-14;loans;286.5
2013-04-15;children;309.5
2007-01-04;entertainment;479.97
2009-07-12;savings;323.51
2000-04-14;food;961.26
2003-08-06;savings;470.56
2006-10-16;loans;44.79
2005-06-03;clothes;451.57
2008-09-17;food;214.21
2004-03-09;children;251.39
2001-06-21;children;644.92
2001-11-21;broadband;596.62
2010-07-16;health;137.12
2004-02-06;entertainment;241.1
2001-10-20;loans;654.75
2010-09-24;entertainment;178.84
2004-07-04;broadband;195.58
2007-02-20;clothes;353.21
2004-06-06;loans;554.77
2014-09-06;entertainment;832.71
2008-06-26;food;636.69
2006-03-25;accommodation;96.35
2001-06-25;accommodation;261.89
2003-09-17;clothes;643.94
2005-02-03;broadband;758.62
2002-10-08;others;811.84
2007-08-14;broadband;97.21
2014-11-15;accommodation;782.0
2005-03-15;health;881.37
2004-05-17;others;757.8
2013-09-14;transportation;727.26
2012-06-04;broadband;688.7
2006-05-25;children;887.37
2004-02-15;health;689.39
2005-08-08;entertainment;719.4
2003-01-08;accommodation;598.83
2007-03-04;loans;678.84
2014-01-15;broadband;630.14
2006-06-07;others;882.48
2004-06-01;children;931.59
2001-03-11;health;844.6
2005-06-05;savings;533.13
2010-07-25;broadband;99.78
2006-03-17;others;194.8
2007-11-11;transportation;721.71
2010-04-16;transportation;458.68
2005-04-12;hygiene;65.84
2011-02-09;transportation;341.28
2012-09-22;savings;816.85
2001-03-27;children;134.15
2004-07-03;clothes;40.33
2005-10-25;savings;500.59
2001-11-01;clothes;502.72
2012-02-23;food;309.96
2010-05-02;broadband;583.89
2013-07-17;health;432.0
2002-03-10;others;624.78
2003-04-08;broadband;847.67
2003-02-05;transportation;823.35
2012-10-27;savings;376.37
2011-07-13;loans;746.8
2000-10-19;others;3.7
2006-08-09;health;231.36
2007-01-10;loans;949.82
2003-10-01;food;365.25
2014-01-02;food;897.54
2005-01-21;accommodation;451.57
2009-10-01;loans;653.14
2010-02-27;food;602.3
2010-01-22;clothes;471.14
2000-09-15;transportation;932.57
2007-10-25;accommodation;387.4
2009-10-17;broadband;287.48
2011-11-03;transportation;747.64
2007-11-19;health;193.54
2002-04-21;others;939.55
2014-08-09;savings;1.7
2012-06-13;health;250.32
2010-08-18;savings;563.27
2009-01-19;loans;50.5
2014-02-04;broadband;670.69
2006-08-03;children;117.25
2012-09-05;transportation;937.19
2008-02-06;clothes;342.77
2000-03-06;broadband;107.33
2013-01-01;others;717.48
2008-01-04;health;421.48
2005-04-25;food;362.31
2008-08-10;others;25.41
2006-06-25;children;81.38
2011-02-09;children;126.1
2009-04-13;savings;586.75
2011-09-11;savings;998.33
2000-06-12;children;565.59
2007-02-05;transportation;84.28
2013-02-26;entertainment;304.91
2013-03-13;health;191.68
2012-10-23;loans;261.24
2007-09-22;savings;696.78
2000-07-12;savings;933.73
2006-08-01;loans;441.6
2000-02-14;accommodation;660.37
2007-02-16;loans;763.63
2004-10-13;food;258.73
2014-01-07;accommodation;266.24
2008-09-13;entertainment;682.88
2004-07-26;accommodation;784.96
2006-06-16;loans;865.73
2009-07-18;food;641.9
2004-02-22;accommodation;50.25
2014-05-22;savings;684.54
2002-09-27;transportation;668.85
2012-06-17;transportation;884.63
2008-09-20;accommodation;248.64
2006-11-25;children;732.67
2001-04-01;food;253.57
2005-02-23;accommodation;54.88
2003-11-23;others;858.83
2009-07-20;clothes;888.55
2014-03-06;loans;934.95
2007-01-17;others;696.69
2007-01-17;clothes;393.97
2001-03-07;broadband;700.62
2006-09-03;food;535.84
2009-11-18;children;557.91
2014-10-16;health;886.25
2006-01-12;children;20.41
2008-06-27;transportation;383.4
2001-09-22;entertainment;834.7
2004-02-09;food;208.82
2001-06-25;children;43.64
2014-05-14;savings;369.23
2013-07-06;transportation;763.68
2005-07-01;broadband;324.37
2001-04-15;accommodation;608.62
2010-11-11;savings;153.33
2009-03-02;savings;99.36
2006-08-04;accommodation;303.22
2004-04-08;hygiene;68.12
2011-11-07;loans;68.93
2014-07-11;hygiene;300.6
2001-05-14;savings;694.73
2001-03-23;transportation;805.83
2005-02-02;food;655.64
2001-04-24;others;410.5
2014-07-11;food;957.59
2005-04-11;children;541.6
2002-11-11;entertainment;297.39
2004-05-03;health;707.29
2001-10-17;food;478.72
2002-06-06;accommodation;671.49
2004-04-16;savings;816.42
2006-11-26;loans;584.43
2006-03-20;health;206.84
2001-07-20;children;1.9
2006-08-21;loans;81.41
2014-01-01;health;328.57
2003-10-16;hygiene;437.44
2014-02-10;loans;568.87
2007-01-20;others;337.59
2006-08-21;others;765.98
2000-03-11;health;338.18
2000-06-09;clothes;382.29
2000-07-22;savings;503.88
2003-04-21;broadband;872.6
2007-07-21;clothes;886.4
2007-06-23;broadband;77.44
2011-02-19;clothes;326.63
2012-07-16;transportation;979.98
2008-09-15;clothes;632.71
2013-02-05;transportation;931.26
2006-10-23;others;505.94
2007-04-26;broadband;986.87
2000-10-03;broadband;407.91
2011-11-25;clothes;166.71
2001-10-18;health;680.78
2009-01-26;transportation;616.77
2004-07-08;others;432.89
2012-07-25;entertainment;573.68
2007-10-04;transportation;141.98
2006-01-06;others;377.31
2001-07-05;savings;254.4
2012-11-19;food;990.16
2013-09-05;clothes;442.2
2008-03-06;broadband;762.36
2004-10-25;savings;524.43
2000-11-21;clothes;910.87
2008-08-18;food;318.57
2008-03-20;health;27.6
2002-01-01;clothes;923.33
2001-08-09;broadband;650.71
2010-11-10;health;439.51
2003-11-25;accommodation;140.46
2005-02-22;accommodation;96.81
2008-07-12;savings;815.38
2013-01-24;accommodation;763.49
2014-06-04;clothes;862.9
2004-03-27;hygiene;728.36
2008-01-03;accommodation;469.44
2010-10-21;loans;797.42
2010-10-14;transportation;444.18
2006-02-17;transportation;246.12
2006-04-20;accommodation;77.92
2001-02-02;hygiene;317.42
2007-04-22;transportation;661.7
2014-03-01;hygiene;331.52
2005-10-02;broadband;720.27
2008-04-25;accommodation;454.2
2014-03-20;loans;818.66
2000-06-09;transportation;709.19
2013-07-13;food;39.97
2001-09-02;transportation;724.64
2007-04-01;broadband;35.74
2009-11-11;clothes;861.8
2003-10-22;loans;435.94
2010-04-09;loans;323.78
2006-04-08;broadband;958.33
2014-04-14;entertainment;637.7
2002-04-24;food;947.7
2006-09-15;health;683.2
2012-06-10;accommodation;276.77
2003-02-11;hygiene;282.63
2004-07-06;broadband;446.4
2012-07-04;others;976.2
2006-09-01;loans;31.45
2010-02-15;health;594.31
2010-06-12;loans;830.88
2006-04-26;children;639.27
2011-03-02;others;223.56
2007-10-05;food;288.48
2000-11-10;savings;336.18
2008-11-12;hygiene;391.79
2009-11-21;accommodation;506.95
2003-01-26;food;441.57
2000-01-22;transportation;727.79
2005-11-07;clothes;571.14
2002-06-11;children;692.34
2003-11-09;children;793.9
2005-06-27;transportation;551.65
2003-08-09;clothes;379.7
2014-01-17;hygiene;746.25
2006-07-26;clothes;29.31
2005-04-04;food;976.46
2005-08-25;broadband;276.55
2014-11-11;food;860.26
2006-04-02;entertainment;873.3
2009-02-19;others;287.85
2013-09-12;loans;754.92
2012-01-16;hygiene;567.5
2008-08-11;entertainment;24.95
2003-03-01;children;550.29
2014-06-09;accommodation;492.2
2002-10-14;health;483.25
2011-01-07;entertainment;53.8
2002-02-08;clothes;275.7
2001-04-26;others;668.71
2007-02-07;savings;910.9
2012-11-18;savings;196.24
2009-02-21;clothes;411.89
2012-03-08;clothes;113.14
2003-08-19;entertainment;135.15
2007-04-04;food;367.68
2004-08-21;children;540.94
2000-01-09;transportation;469.88
2009-07-14;hygiene;956.11
2002-01-04;savings;290.33
2010-02-10;others;385.19
2004-05-03;hygiene;969.91
2013-03-09;food;327.3
2014-10-27;accommodation;10.33
2011-11-11;transportation;114.73
2011-02-15;clothes;490.56
2013-05-14;transportation;66.45
2000-10-06;broadband;138.85
2013-03-26;health;954.28
2008-11-18;health;66.38
2009-01-07;clothes;136.86
2011-10-09;entertainment;290.98
2014-10-09;transportation;917.73
2010-06-07;children;740.15
2003-03-11;broadband;507.93
2005-11-20;entertainment;923.23
2008-01-11;others;277.7
2009-01-20;savings;319.97
2006-05-21;food;83.29
2006-09-13;health;70.34
2008-04-22;entertainment;982.72
2006-05-26;children;198.13
2001-10-04;hygiene;965.5
2001-10-22;loans;866.59
2013-07-25;savings;470.27
2003-05-15;health;760.4
2006-06-10;entertainment;188.81
2001-09-13;loans;644.95
2012-01-20;health;438.58
2009-01-08;others;120.29
2012-02-07;broadband;226.22
2012-04-01;entertainment;727.1
2011-10-18;accommodation;428.82
2003-04-02;broadband;484.18
2002-10-27;entertainment;162.81
2005-10-07;savings;673.1
2012-02-03;children;491.31
2010-01-10;savings;440.95
2010-05-11;loans;868.28
2001-05-24;food;318.24
2001-07-15;savings;200.87
2002-04-06;accommodation;967.53
2005-01-22;children;497.62
2013-06-08;clothes;219.62
2001-01-07;entertainment;485.26
2013-03-05;transportation;602.29
2009-07-20;transportation;717.7
2000-03-07;loans;444.2
2014-03-07;loans;106.45
2000-07-24;health;987.61
2007-06-07;others;360.6
2010-10-16;entertainment;505.4
2007-07-01;hygiene;596.35
2004-11-16;hygiene;763.26
2004-09-26;clothes;477.8
2005-07-07;transportation;848.17
2004-08-12;transportation;229.9
2004-02-10;broadband;914.92
2000-05-15;savings;994.2
2009-07-10;accommodation;894.14
2002-08-08;savings;303.46
2003-08-25;children;275.7
2002-05-13;broadband;889.93
2000-05-26;transportation;369.1
2012-08-17;transportation;273.16
2000-10-26;savings;920.2
2013-03-01;loans;13.64
2007-02-27;health;413.8
2004-04-10;hygiene;790.61
2007-09-01;savings;43.73
2005-02-15;clothes;15.76
2014-05-07;hygiene;283.11
2004-06-08;children;290.79
2005-06-19;accommodation;695.92
2010-08-15;clothes;610.27
2005-10-27;clothes;880.98
2013-03-01;hygiene;609.74
2006-05-05;savings;673.14
2007-03-16;children;77.45
2000-07-17;hygiene;261.15
2012-11-21;others;35.46
2013-05-10;broadband;870.5
2011-07-27;clothes;977.87
2001-04-13;broadband;241.75
2007-06-20;clothes;647.29
2013-03-10;savings;481.84
2001-04-24;loans;914.1
2001-10-02;food;229.39
2012-02-21;hygiene;2.23
2006-11-12;food;728.96
2001-08-22;loans;348.4
2012-07-01;children;151.57
2001-05-08;entertainment;752.97
2001-11-22;health;190.24
2012-11-16;others;236.22
2010-05-23;hygiene;144.6
2013-05-24;savings;370.29
2009-09-22;savings;844.9
2001-05-23;food;850.14
2007-03-05;entertainment;529.13
2000-09-05;loans;939.59
2013-04-10;food;585.31
2008-03-12;others;751.25
2011-04-08;others;666.79
2010-06-03;loans;298.3
2003-01-27;others;421.83
2003-08-05;broadband;719.2
2014-07-24;entertainment;28.29
2004-02-08;others;418.34
2011-09-07;food;61.65
2009-04-12;transportation;346.47
2005-08-13;transportation;716.7
2004-07-25;accommodation;236.55
2010-08-04;broadband;400.25
2012-01-21;food;389.69
2013-07-13;hygiene;897.37
2014-01-10;loans;811.36
2005-09-17;health;880.42
2010-02-22;savings;486.27
2002-02-12;clothes;169.1
2014-05-05;children;190.49
2000-08-06;entertainment;339.67
2008-11-04;transportation;529.64
2012-02-12;loans;898.97
2013-04-22;entertainment;167.58
2006-05-25;children;973.76
2007-03-06;food;704.34
2011-11-11;health;71.71
2005-07-22;loans;89.16
2010-06-24;hygiene;23.87
2005-06-26;accommodation;28.92
2009-08-12;broadband;261.4
2000-07-16;savings;429.1
2007-05-05;loans;497.53
2010-11-02;loans;122.32
2001-04-13;children;307.75
2000-07-14;hygiene;547.45
2010-06-09;transportation;308.6
2011-11-23;loans;132.59
2005-05-27;others;846.5
2003-09-14;hygiene;248.28
2000-10-21;broadband;813.38
2005-10-10;food;788.81
2004-10-03;others;921.13
2000-04-08;clothes;824.2
2010-05-11;accommodation;785.73
2003-05-23;food;803.23
2007-09-23;children;438.13
2012-08-03;transportation;15.6
2011-10-11;others;947.2
2011-10-10;food;79.2
2005-07-27;accommodation;642.48
2012-04-01;savings;815.37
2010-07-18;hygiene;358.35
2006-10-10;savings;489.29
2005-08-19;transportation;419.61
2001-07-27;transportation;831.2
2000-10-13;entertainment;330.81
2002-07-09;food;28.19
2011-10-26;transportation;20.6
2012-10-16;health;443.5
2013-02-12;hygiene;755.5
2002-03-18;loans;805.58
2009-04-22;children;757.63
2010-10-26;entertainment;393.12
2011-05-03;food;777.41
2012-11-25;health;93.85
2011-11-03;loans;257.67
2012-05-20;food;659.0
2002-01-22;clothes;705.46
2013-09-02;transportation;992.35
2012-05-23;savings;477.58
2007-05-20;entertainment;186.92
2012-11-15;savings;91.25
2012-04-10;clothes;990.51
2004-04-05;clothes;655.6
2004-08-06;broadband;221.13
2013-05-14;hygiene;239.8
2011-09-14;entertainment;851.4
2008-01-01;children;702.27
2013-01-19;others;497.12
2009-09-02;broadband;159.46
2004-04-19;loans;437.36
2011-10-07;loans;654.7
2008-02-06;savings;244.45
2000-02-23;hygiene;676.23
2000-02-01;accommodation;977.45
2009-10-27;clothes;530.29
2009-10-01;loans;181.5
2008-08-13;broadband;272.51
2007-09-21;entertainment;121.93
2003-06-01;others;154.28
2000-02-12;clothes;989.52
2013-11-22;accommodation;504.94
2008-08-24;entertainment;874.75
2013-05-18;accommodation;816.26
2006-05-14;accommodation;364.2
2002-06-09;broadband;501.89
2013-04-16;food;205.97
2001-03-01;hygiene;740.2
2009-09-20;loans;623.2
2007-02-27;loans;812.2
2008-06-26;health;175.3
2006-04-14;savings;402.7
2009-01-14;entertainment;510.25
2008-10-17;food;481.61
2003-09-22;clothes;51.78
2006-11-07;hygiene;504.12
2001-11-10;health;571.15
2010-08-18;entertainment;215.6
2010-03-06;health;853.62
2007-05-27;food;738.1
2014-02-06;accommodation;895.98
2012-01-18;savings;178.3
2008-08-15;food;413.69
2006-11-12;transportation;163.36
2010-10-05;health;631.53
2004-03-04;clothes;694.75
2008-08-08;hygiene;798.47
2005-10-06;hygiene;412.41
2005-09-23;entertainment;525.4
2013-06-02;broadband;257.68
2011-08-11;entertainment;142.94
2006-01-19;broadband;164.12
2007-03-14;entertainment;483.23
2008-02-17;clothes;378.32
2013-08-15;clothes;274.3
2006-04-17;children;50.63
2004-04-27;health;952.61
2013-10-09;accommodation;14.16
2003-02-26;hygiene;314.71
2000-02-24;savings;777.37
2013-01-08;entertainment;393.83
2002-03-05;broadband;207.41
2009-11-27;health;696.25
2013-07-13;food;934.23
2008-05-18;savings;544.9
2010-02-27;clothes;135.8
2004-02-07;entertainment;801.2
2004-06-17;clothes;700.54
2006-03-09;hygiene;461.97
2010-10-09;accommodation;455.6
2010-03-17;children;613.59
2011-06-23;health;612.18
2005-03-03;entertainment;101.69
2008-01-08;transportation;767.76
2011-06-09;accommodation;542.35
2011-06-24;loans;344.74
2004-11-02;health;30.29
2012-08-22;clothes;547.3
2014-08-02;health;249.11
2013-09-18;transportation;779.6
2009-05-05;health;555.29
2008-06-21;loans;936.85
2006-01-23;transportation;909.6
2008-11-27;broadband;152.29
2004-06-04;transportation;444.74
2001-09-08;savings;330.77
2007-04-02;children;676.32
2008-05-12;entertainment;741.18
2010-05-06;hygiene;681.62
2011-11-12;transportation;559.94
2002-02-16;clothes;154.3
2009-07-10;clothes;65.53
2004-11-09;accommodation;915.55
2002-09-23;savings;501.47
2003-11-01;entertainment;115.84
2000-02-05;health;845.7
2004-10-20;clothes;810.72
2002-10-20;others;244.93
2002-09-21;loans;241.55
2001-06-05;others;370.72
2006-10-06;entertainment;743.93
2004-10-25;children;628.6
2002-06-06;savings;344.91
2000-01-26;others;884.72
2009-03-10;children;978.4
2011-09-09;loans;889.6
2003-01-22;entertainment;991.29
2002-09-20;clothes;837.5
2010-05-16;entertainment;709.58
2010-09-24;accommodation;677.52
2011-11-09;entertainment;286.23
2014-03-25;health;460.46
2014-03-07;savings;464.81
2014-10-15;entertainment;187.55
2009-10-11;accommodation;826.88
2013-10-25;transportation;825.45
2014-11-16;food;417.26
2004-05-03;clothes;384.7
2013-01-03;broadband;151.98
2007-11-11;transportation;715.39
2003-05-10;broadband;29.56
2006-01-14;accommodation;601.22
2001-03-25;others;531.68
2011-06-26;savings;953.22
2014-08-02;loans;748.4
2008-11-02;food;318.31
2010-09-11;transportation;501.33
2010-05-10;children;106.65
2011-05-06;loans;656.93
2008-10-19;children;792.1
2009-10-06;savings;281.6
2009-06-17;entertainment;153.48
2006-03-24;others;903.73
2010-08-05;children;919.93
2001-08-19;food;937.6
2009-03-04;savings;333.18
2008-05-20;food;86.7
2005-10-11;savings;692.45
2009-09-01;clothes;483.41
2001-03-01;clothes;255.13
2009-11-11;loans;941.75
2007-01-23;hygiene;95.91
2000-08-10;clothes;57.4
2010-04-25;savings;233.12
2006-08-26;accommodation;609.5
2014-01-26;children;110.9
2009-07-12;hygiene;100.19
2008-09-12;others;731.69
2006-06-03;broadband;562.65
2006-01-14;food;357.97
2009-10-04;food;153.47
2005-09-20;transportation;499.43
2002-08-15;loans;880.67
2013-07-11;clothes;332.82
2003-01-09;clothes;769.21
2004-06-17;children;836.49
2012-04-08;others;804.96
2008-01-05;others;416.97
2005-06-05;loans;821.1
2007-09-11;entertainment;152.23
2013-02-20;transportation;826.27
2009-07-05;health;834.9
2007-02-27;others;467.72
2012-04-20;broadband;250.56
2004-08-23;transportation;960.18
2009-09-04;transportation;512.35
2011-09-18;savings;915.32
2007-04-24;health;731.69
2000-02-07;hygiene;980.39
2004-04-15;children;796.48
2008-06-26;hygiene;139.18
2000-07-08;children;914.84
2009-05-16;food;996.72
2011-09-07;health;838.3
2010-11-23;accommodation;367.2
2009-03-10;food;537.39
2009-09-09;health;565.46
2006-03-04;accommodation;146.63
2010-04-17;broadband;18.58
2007-06-20;hygiene;836.86
2006-10-26;children;264.25
2014-03-04;food;319.33
2011-09-10;loans;300.11
2006-04-01;children;857.82
2001-05-07;clothes;49.1
2013-08-06;accommodation;160.48
2007-10-20;clothes;385.43
2005-05-10;broadband;912.73
2007-10-20;accommodation;230.89
2006-11-18;clothes;630.39
2010-01-22;loans;112.32
2010-07-25;food;220.61
2005-08-25;savings;572.28
2001-06-21;broadband;907.33
2009-05-17;transportation;516.8
2010-01-23;savings;812.27
2009-06-07;loans;405.64
2013-06-04;hygiene;252.53
2005-04-15;entertainment;832.68
2004-05-15;loans;756.67
2014-10-20;clothes;247.59
2014-03-27;entertainment;143.88
2001-07-20;clothes;525.91
2001-01-17;others;930.72
2012-07-19;transportation;134.87
2014-03-26;broadband;323.35
2005-01-15;others;366.56
2013-01-07;entertainment;809.64
2014-04-27;clothes;84.22
2013-06-04;children;897.6
2002-08-03;health;710.35
2006-04-17;health;998.21
2011-02-02;food;599.36
2014-08-20;hygiene;807.43
2012-06-17;loans;95.58
2011-05-12;children;107.13
2002-09-22;transportation;593.36
2001-06-18;broadband;804.42
2005-11-18;hygiene;363.37
2014-10-12;savings;917.98
2014-09-05;accommodation;555.94
2009-11-15;children;859.88
2000-04-19;loans;89.53
2011-04-14;health;212.68
2004-11-11;children;797.87
2013-09-25;hygiene;359.27
2001-09-05;children;7.6
2007-03-27;loans;910.58
2011-03-18;broadband;721.46
2012-10-15;clothes;162.1
2013-12-14;entertainment;742.7
2000-12-07;transportation;602.29
2003-12-10;health;765.88
2012-12-20;children;57.24
2006-12-13;food;933.86
2014-12-15;savings;127.28
2003-12-02;accommodation;551.62
2002-12-03;transportation;383.57
2005-12-14;others;892.9
2003-12-25;loans;831.2
2002-12-09;entertainment;234.9
2011-12-04;children;394.46
2012-12-19;health;126.75
2003-12-22;broadband;439.73
2006-12-19;food;109.74
2016-12-27;broadband;173.97
2017-12-18;loans;604.87
2016-12-21;food;621.17
2017-12-23;children;830.31
2015-12-18;hygiene;550.93
2016-12-02;loans;877.57
2015-12-11;clothes;665.17
2016-12-04;others;610.92
2016-12-13;accommodation;718.2
2015-12-19;loans;224.32
